order_id,order_date,customer_id,product_id,product_name,category,region,channel,quantity,unit_price,discount,revenue,cost,profit,margin
O0001,2026-02-01,C072,P107,Backpack,Accessories,Chattogram,Online,2,1855.29,0.15,3153.99,2228.53,925.46,0.2934
O0002,2026-01-19,C040,P107,Backpack,Accessories,Chattogram,Partner,3,1798.5,0.1,4855.95,3294.18,1561.77,0.3216
O0003,2025-06-28,C105,P107,Backpack,Accessories,Rajshahi,Retail,6,1924.7,0,11548.2,7272.33,4275.87,0.3703
O0004,2026-11-19,C025,P104,Keyboard,Electronics,Khulna,Retail,4,2203.09,0.15,7490.51,5172.2,2318.31,0.3095
O0005,2025-12-03,C109,P112,Webcam,Electronics,Dhaka,Partner,3,4061.91,0,12185.73,8879.41,3306.32,0.2713
O0006,2026-05-02,C067,P107,Backpack,Accessories,Chattogram,Retail,5,1806.0,0,9030.0,5739.14,3290.86,0.3644
O0007,2026-11-02,C005,P109,Notebook,Stationery,Khulna,Partner,7,187.3,0,1311.1,980.84,330.26,0.2519
O0008,2025-05-06,C020,P104,Keyboard,Electronics,Khulna,Online,6,2069.06,0.15,10552.21,6353.66,4198.55,0.3979
O0009,2026-06-01,C025,P110,Pen Set,Stationery,Dhaka,Retail,1,326.61,0.05,310.28,218.95,91.33,0.2943
O0010,2026-10-17,C116,P105,Monitor,Electronics,Chattogram,Online,6,14082.37,0.15,71820.09,42212.72,29607.37,0.4122
O0011,2026-02-03,C018,P110,Pen Set,Stationery,Dhaka,Online,2,339.18,0.1,610.52,442.96,167.56,0.2745
O0012,2026-01-06,C114,P107,Backpack,Accessories,Dhaka,Online,1,1693.86,0.15,1439.78,847.36,592.42,0.4115
O0013,2026-01-13,C072,P105,Monitor,Electronics,Rajshahi,Partner,6,15288.68,0,91732.08,67051.11,24680.97,0.2691
O0014,2026-03-18,C045,P101,Shirt,Apparel,Khulna,Partner,3,793.36,0.15,2023.07,1345.69,677.38,0.3348
O0015,2026-03-24,C112,P101,Shirt,Apparel,Chattogram,Retail,4,830.04,0,3320.16,2512.73,807.43,0.2432
O0016,2025-04-30,C062,P108,Laptop Stand,Accessories,Rajshahi,Online,6,1712.78,0.05,9762.85,6962.91,2799.94,0.2868
O0017,2025-05-25,C033,P104,Keyboard,Electronics,Rajshahi,Partner,1,2124.86,0,2124.86,1370.25,754.61,0.3551
O0018,2025-12-16,C111,P102,Polo Shirt,Apparel,Rajshahi,Retail,2,1073.29,0,2146.58,1590.8,555.78,0.2589
O0019,2026-06-12,C096,P111,Desk Lamp,Accessories,Khulna,Online,2,2328.25,0,4656.5,3398.11,1258.39,0.2702
O0020,2025-11-29,C093,P101,Shirt,Apparel,Khulna,Partner,1,767.35,0.1,690.62,442.04,248.58,0.3599
O0021,2025-08-23,C094,P105,Monitor,Electronics,Dhaka,Online,4,13560.0,0,54240.0,35240.25,18999.75,0.3503
O0022,2026-07-04,C114,P102,Polo Shirt,Apparel,Khulna,Retail,7,1057.17,0,7400.19,4789.41,2610.78,0.3528
O0023,2026-12-25,C119,P106,Headset,Electronics,Dhaka,Retail,2,3068.17,0,6136.34,3839.13,2297.21,0.3744
O0024,2025-08-25,C011,P106,Headset,Electronics,Khulna,Retail,6,3292.73,0,19756.38,15009.5,4746.88,0.2403
O0025,2025-08-04,C001,P110,Pen Set,Stationery,Dhaka,Retail,4,340.25,0,1361.0,922.35,438.65,0.3223
O0026,2025-11-09,C041,P101,Shirt,Apparel,Chattogram,Partner,5,763.0,0,3815.0,2809.25,1005.75,0.2636
O0027,2025-02-19,C017,P102,Polo Shirt,Apparel,Chattogram,Retail,1,1066.01,0,1066.01,659.47,406.54,0.3814
O0028,2026-05-09,C081,P109,Notebook,Stationery,Rajshahi,Partner,5,179.24,0,896.2,577.15,319.05,0.356
O0029,2025-10-16,C060,P108,Laptop Stand,Accessories,Rajshahi,Online,2,1503.38,0.15,2555.75,1534.4,1021.35,0.3996
O0030,2026-11-09,C016,P108,Laptop Stand,Accessories,Dhaka,Retail,4,1569.58,0,6278.32,4706.11,1572.21,0.2504
O0031,2025-02-10,C077,P107,Backpack,Accessories,Dhaka,Retail,2,1775.93,0,3551.86,2633.33,918.53,0.2586
O0032,2025-06-07,C003,P112,Webcam,Electronics,Rajshahi,Retail,1,4234.76,0,4234.76,2803.78,1430.98,0.3379
O0033,2026-04-04,C022,P111,Desk Lamp,Accessories,Khulna,Online,3,2211.38,0,6634.14,4144.99,2489.15,0.3752
O0034,2025-09-17,C006,P101,Shirt,Apparel,Rajshahi,Retail,3,791.53,0,2374.59,1590.79,783.8,0.3301
O0035,2025-02-18,C090,P112,Webcam,Electronics,Rajshahi,Retail,2,4229.64,0.15,7190.39,4610.14,2580.25,0.3588
O0036,2026-02-16,C012,P109,Notebook,Stationery,Khulna,Retail,4,177.76,0.1,639.94,422.08,217.86,0.3404
O0037,2026-07-27,C041,P104,Keyboard,Electronics,Khulna,Retail,2,2136.3,0.15,3631.71,2572.12,1059.59,0.2918
O0038,2025-09-14,C030,P112,Webcam,Electronics,Chattogram,Partner,7,4109.52,0.15,24451.64,15849.24,8602.4,0.3518
O0039,2025-06-09,C090,P111,Desk Lamp,Accessories,Dhaka,Online,5,2200.5,0,11002.5,8300.59,2701.91,0.2456
O0040,2026-12-11,C083,P106,Headset,Electronics,Rajshahi,Online,3,3205.7,0.15,8174.53,6052.46,2122.07,0.2596
O0041,2025-02-05,C055,P105,Monitor,Electronics,Chattogram,Retail,2,15320.51,0.1,27576.92,18616.25,8960.67,0.3249
O0042,2025-11-21,C055,P102,Polo Shirt,Apparel,Rajshahi,Online,2,1073.02,0.15,1824.13,1193.9,630.23,0.3455
O0043,2025-10-10,C100,P108,Laptop Stand,Accessories,Khulna,Partner,2,1636.81,0.1,2946.26,1731.66,1214.6,0.4123
O0044,2025-12-05,C019,P105,Monitor,Electronics,Dhaka,Partner,2,14782.73,0.05,28087.19,19521.7,8565.49,0.305
O0045,2026-05-08,C030,P106,Headset,Electronics,Chattogram,Retail,7,3127.62,0,21893.34,13095.48,8797.86,0.4019
O0046,2025-03-14,C080,P101,Shirt,Apparel,Chattogram,Retail,5,830.77,0,4153.85,2568.39,1585.46,0.3817
O0047,2026-11-14,C016,P108,Laptop Stand,Accessories,Khulna,Online,1,1573.35,0.05,1494.68,970.77,523.91,0.3505
O0048,2025-06-08,C073,P107,Backpack,Accessories,Khulna,Partner,3,1904.56,0,5713.68,4263.07,1450.61,0.2539
O0049,2026-07-21,C013,P109,Notebook,Stationery,Chattogram,Retail,2,185.72,0.05,352.87,249.5,103.37,0.2929
O0050,2026-09-16,C064,P103,Trousers,Apparel,Khulna,Online,7,1608.74,0,11261.18,6541.76,4719.42,0.4191
O0051,2025-11-23,C023,P101,Shirt,Apparel,Rajshahi,Retail,7,857.09,0,5999.63,3918.62,2081.01,0.3469
O0052,2025-09-07,C055,P104,Keyboard,Electronics,Dhaka,Partner,7,2308.03,0,16156.21,10381.74,5774.47,0.3574
O0053,2026-06-08,C016,P104,Keyboard,Electronics,Khulna,Partner,7,2319.41,0,16235.87,9740.48,6495.39,0.4001
O0054,2025-02-17,C056,P108,Laptop Stand,Accessories,Chattogram,Partner,4,1563.7,0.1,5629.32,3876.5,1752.82,0.3114
O0055,2026-02-22,C110,P102,Polo Shirt,Apparel,Rajshahi,Online,5,1150.42,0.1,5176.89,3454.17,1722.72,0.3328
O0056,2026-05-24,C079,P110,Pen Set,Stationery,Khulna,Partner,6,372.99,0.05,2126.04,1279.31,846.73,0.3983
O0057,2026-08-04,C060,P108,Laptop Stand,Accessories,Khulna,Online,7,1701.76,0,11912.32,7295.74,4616.58,0.3875
O0058,2025-05-13,C085,P105,Monitor,Electronics,Chattogram,Online,2,13646.87,0.1,24564.37,14969.98,9594.39,0.3906
O0059,2026-05-31,C035,P102,Polo Shirt,Apparel,Chattogram,Partner,4,1149.08,0.1,4136.69,2586.91,1549.78,0.3746
O0060,2025-10-15,C070,P112,Webcam,Electronics,Rajshahi,Partner,4,4387.21,0.1,15793.96,10816.81,4977.15,0.3151
O0061,2025-09-27,C105,P101,Shirt,Apparel,Chattogram,Online,5,818.83,0.1,3684.74,2582.31,1102.43,0.2992
O0062,2026-11-06,C012,P111,Desk Lamp,Accessories,Dhaka,Online,2,2255.72,0,4511.44,3412.62,1098.82,0.2436
O0063,2026-04-28,C111,P108,Laptop Stand,Accessories,Rajshahi,Online,5,1541.92,0.1,6938.64,4785.95,2152.69,0.3102
O0064,2025-10-17,C112,P112,Webcam,Electronics,Khulna,Partner,6,4304.11,0,25824.66,15091.71,10732.95,0.4156
O0065,2025-11-02,C118,P107,Backpack,Accessories,Chattogram,Retail,2,1879.98,0,3759.96,2658.58,1101.38,0.2929
O0066,2025-10-29,C059,P102,Polo Shirt,Apparel,Rajshahi,Online,1,1092.24,0.15,928.4,643.97,284.43,0.3064
O0067,2025-12-29,C097,P104,Keyboard,Electronics,Dhaka,Online,6,2358.36,0.1,12735.14,8029.48,4705.66,0.3695
O0068,2025-05-12,C055,P109,Notebook,Stationery,Rajshahi,Online,1,189.02,0,189.02,122.51,66.51,0.3519
O0069,2026-11-29,C038,P105,Monitor,Electronics,Rajshahi,Partner,6,14994.74,0,89968.44,53125.88,36842.56,0.4095
O0070,2025-06-08,C056,P108,Laptop Stand,Accessories,Chattogram,Retail,6,1549.78,0.15,7903.88,5063.32,2840.56,0.3594
O0071,2025-08-30,C010,P103,Trousers,Apparel,Chattogram,Partner,5,1558.47,0,7792.35,5628.67,2163.68,0.2777
O0072,2025-04-14,C103,P110,Pen Set,Stationery,Chattogram,Online,3,351.91,0.15,897.37,573.78,323.59,0.3606
O0073,2025-04-12,C008,P105,Monitor,Electronics,Dhaka,Retail,2,14215.9,0,28431.8,19907.65,8524.15,0.2998
O0074,2025-03-13,C016,P106,Headset,Electronics,Dhaka,Partner,5,3042.0,0,15210.0,8847.38,6362.62,0.4183
O0075,2026-05-14,C061,P110,Pen Set,Stationery,Dhaka,Online,7,332.21,0.15,1976.65,1306.12,670.53,0.3392
O0076,2025-11-24,C001,P104,Keyboard,Electronics,Rajshahi,Retail,5,2168.54,0,10842.7,6616.23,4226.47,0.3898
O0077,2026-03-30,C114,P101,Shirt,Apparel,Khulna,Retail,4,840.22,0.05,3192.84,2348.47,844.37,0.2645
O0078,2026-01-22,C046,P101,Shirt,Apparel,Khulna,Retail,2,789.44,0.05,1499.94,881.71,618.23,0.4122
O0079,2025-07-21,C027,P111,Desk Lamp,Accessories,Chattogram,Retail,1,2051.26,0,2051.26,1537.07,514.19,0.2507
O0080,2026-09-12,C021,P104,Keyboard,Electronics,Rajshahi,Retail,5,2115.03,0.05,10046.39,6384.37,3662.02,0.3645
O0081,2025-07-26,C008,P105,Monitor,Electronics,Dhaka,Online,2,15044.52,0,30089.04,21530.35,8558.69,0.2844
O0082,2025-02-19,C085,P105,Monitor,Electronics,Khulna,Partner,7,14327.39,0.15,85247.97,49877.1,35370.87,0.4149
O0083,2025-02-13,C085,P103,Trousers,Apparel,Dhaka,Retail,6,1429.38,0.15,7289.84,5416.6,1873.24,0.257
O0084,2025-05-29,C063,P101,Shirt,Apparel,Chattogram,Retail,4,788.17,0.15,2679.78,1917.18,762.6,0.2846
O0085,2026-04-03,C100,P109,Notebook,Stationery,Khulna,Retail,2,183.85,0,367.7,226.32,141.38,0.3845
O0086,2025-08-04,C100,P102,Polo Shirt,Apparel,Dhaka,Retail,2,1060.87,0,2121.74,1291.45,830.29,0.3913
O0087,2026-02-09,C073,P106,Headset,Electronics,Dhaka,Retail,7,2981.47,0.15,17739.75,11434.9,6304.85,0.3554
O0088,2025-02-01,C011,P101,Shirt,Apparel,Chattogram,Online,2,808.53,0.1,1455.35,1013.55,441.8,0.3036
O0089,2025-01-26,C102,P112,Webcam,Electronics,Rajshahi,Partner,3,4230.68,0.1,11422.84,7986.57,3436.27,0.3008
O0090,2026-08-21,C065,P112,Webcam,Electronics,Dhaka,Retail,2,4476.0,0.1,8056.8,5924.53,2132.27,0.2647
O0091,2025-05-27,C008,P101,Shirt,Apparel,Dhaka,Online,5,812.11,0,4060.55,2798.2,1262.35,0.3109
O0092,2026-02-09,C033,P110,Pen Set,Stationery,Chattogram,Retail,4,357.52,0,1430.08,1084.54,345.54,0.2416
O0093,2025-04-11,C020,P101,Shirt,Apparel,Chattogram,Partner,2,797.92,0.1,1436.26,1070.35,365.91,0.2548
O0094,2026-02-02,C002,P105,Monitor,Electronics,Dhaka,Retail,6,14584.16,0.05,83129.71,61870.25,21259.46,0.2557
O0095,2026-10-29,C119,P106,Headset,Electronics,Rajshahi,Retail,3,3217.64,0,9652.92,6341.45,3311.47,0.3431
O0096,2026-02-14,C091,P104,Keyboard,Electronics,Chattogram,Partner,7,2303.47,0.15,13705.65,9682.57,4023.08,0.2935
O0097,2025-07-26,C058,P102,Polo Shirt,Apparel,Chattogram,Retail,5,1033.79,0.1,4652.06,3362.7,1289.36,0.2772
O0098,2025-02-06,C083,P108,Laptop Stand,Accessories,Chattogram,Partner,5,1511.05,0,7555.25,5540.92,2014.33,0.2666
O0099,2026-12-15,C024,P109,Notebook,Stationery,Chattogram,Retail,7,176.02,0,1232.14,851.71,380.43,0.3088
O0100,2026-04-01,C062,P101,Shirt,Apparel,Dhaka,Partner,7,822.8,0,5759.6,3341.15,2418.45,0.4199
O0101,2026-05-06,C029,P103,Trousers,Apparel,Khulna,Partner,4,1524.48,0,6097.92,4038.03,2059.89,0.3378
O0102,2026-07-05,C081,P105,Monitor,Electronics,Dhaka,Online,5,15200.55,0.1,68402.48,43530.73,24871.75,0.3636
O0103,2026-04-13,C119,P110,Pen Set,Stationery,Khulna,Online,3,361.04,0.15,920.65,539.93,380.72,0.4135
O0104,2025-08-10,C045,P110,Pen Set,Stationery,Khulna,Retail,1,343.21,0.05,326.05,202.55,123.5,0.3788
O0105,2025-03-06,C061,P101,Shirt,Apparel,Rajshahi,Retail,2,748.85,0,1497.7,1131.29,366.41,0.2446
O0106,2026-12-15,C115,P111,Desk Lamp,Accessories,Chattogram,Partner,6,2267.13,0.1,12242.5,7646.9,4595.6,0.3754
O0107,2025-10-29,C044,P112,Webcam,Electronics,Rajshahi,Partner,2,4452.77,0,8905.54,6296.94,2608.6,0.2929
O0108,2025-02-13,C057,P108,Laptop Stand,Accessories,Dhaka,Partner,4,1579.23,0,6316.92,4159.83,2157.09,0.3415
O0109,2026-06-27,C021,P106,Headset,Electronics,Rajshahi,Partner,2,3168.93,0,6337.86,4284.89,2052.97,0.3239
O0110,2026-09-16,C052,P109,Notebook,Stationery,Dhaka,Online,1,181.2,0.15,154.02,105.98,48.04,0.3119
O0111,2025-12-25,C043,P108,Laptop Stand,Accessories,Rajshahi,Online,2,1567.46,0,3134.92,2224.81,910.11,0.2903
O0112,2025-06-30,C059,P106,Headset,Electronics,Chattogram,Online,5,3297.29,0.1,14837.81,9869.41,4968.4,0.3348
O0113,2026-12-09,C050,P104,Keyboard,Electronics,Rajshahi,Partner,1,2195.07,0.15,1865.81,1183.85,681.96,0.3655
O0114,2026-12-09,C098,P104,Keyboard,Electronics,Dhaka,Retail,2,2170.26,0.1,3906.47,2323.27,1583.2,0.4053
O0115,2026-09-30,C084,P105,Monitor,Electronics,Khulna,Online,1,13602.86,0.15,11562.43,6961.23,4601.2,0.3979
O0116,2025-01-06,C039,P110,Pen Set,Stationery,Chattogram,Retail,6,351.23,0.05,2002.01,1314.94,687.07,0.3432
O0117,2026-03-29,C001,P107,Backpack,Accessories,Chattogram,Retail,3,1922.0,0.05,5477.7,3864.71,1612.99,0.2945
O0118,2026-05-19,C097,P110,Pen Set,Stationery,Dhaka,Partner,2,361.81,0.05,687.44,415.55,271.89,0.3955
O0119,2026-05-21,C024,P108,Laptop Stand,Accessories,Dhaka,Online,6,1598.69,0,9592.14,5666.73,3925.41,0.4092
O0120,2026-11-01,C044,P108,Laptop Stand,Accessories,Rajshahi,Partner,6,1567.44,0,9404.64,5696.88,3707.76,0.3942
O0121,2026-11-12,C009,P101,Shirt,Apparel,Dhaka,Online,4,759.21,0,3036.84,1775.88,1260.96,0.4152
O0122,2026-05-02,C010,P105,Monitor,Electronics,Rajshahi,Retail,5,15113.4,0.15,64231.95,41435.02,22796.93,0.3549
O0123,2026-02-16,C081,P107,Backpack,Accessories,Chattogram,Online,6,1878.25,0.1,10142.55,5991.08,4151.47,0.4093
O0124,2026-09-21,C098,P111,Desk Lamp,Accessories,Dhaka,Online,1,2235.32,0.15,1900.02,1405.31,494.71,0.2604
O0125,2026-07-17,C114,P101,Shirt,Apparel,Chattogram,Online,5,806.59,0.05,3831.3,2541.1,1290.2,0.3368
O0126,2025-08-25,C105,P104,Keyboard,Electronics,Khulna,Online,5,2212.22,0.05,10508.04,7228.62,3279.42,0.3121
O0127,2025-10-12,C086,P110,Pen Set,Stationery,Khulna,Online,2,334.74,0.15,569.06,423.66,145.4,0.2555
O0128,2025-05-09,C031,P111,Desk Lamp,Accessories,Rajshahi,Partner,6,2274.33,0,13645.98,8682.73,4963.25,0.3637
O0129,2026-06-29,C110,P111,Desk Lamp,Accessories,Dhaka,Online,4,2211.44,0,8845.76,6233.77,2611.99,0.2953
O0130,2025-05-21,C075,P106,Headset,Electronics,Rajshahi,Online,3,3000.78,0.05,8552.22,6359.41,2192.81,0.2564
O0131,2026-12-05,C117,P112,Webcam,Electronics,Dhaka,Partner,1,4480.2,0.15,3808.17,2495.53,1312.64,0.3447
O0132,2026-12-05,C010,P103,Trousers,Apparel,Rajshahi,Online,7,1503.07,0.05,9995.42,6389.97,3605.45,0.3607
O0133,2025-12-11,C035,P103,Trousers,Apparel,Rajshahi,Partner,4,1464.65,0,5858.6,4155.72,1702.88,0.2907
O0134,2026-10-16,C075,P104,Keyboard,Electronics,Dhaka,Retail,3,2291.42,0.05,6530.55,4027.91,2502.64,0.3832
O0135,2025-07-02,C098,P109,Notebook,Stationery,Chattogram,Partner,1,184.37,0,184.37,116.07,68.3,0.3705
O0136,2025-04-20,C109,P111,Desk Lamp,Accessories,Rajshahi,Online,4,2329.82,0,9319.28,5804.17,3515.11,0.3772
O0137,2025-10-24,C016,P111,Desk Lamp,Accessories,Dhaka,Online,1,2065.06,0.15,1755.3,1046.65,708.65,0.4037
O0138,2025-08-11,C018,P110,Pen Set,Stationery,Dhaka,Partner,3,346.38,0,1039.14,611.15,427.99,0.4119
O0139,2026-03-25,C024,P101,Shirt,Apparel,Rajshahi,Partner,1,765.37,0.15,650.56,436.62,213.94,0.3289
O0140,2025-01-09,C023,P112,Webcam,Electronics,Dhaka,Partner,7,4446.7,0,31126.9,22120.94,9005.96,0.2893
O0141,2026-11-05,C041,P110,Pen Set,Stationery,Chattogram,Online,5,376.63,0.05,1788.99,1203.98,585.01,0.327
O0142,2026-10-19,C049,P105,Monitor,Electronics,Chattogram,Partner,6,13814.27,0.1,74597.06,52017.37,22579.69,0.3027
O0143,2025-07-27,C084,P101,Shirt,Apparel,Khulna,Online,3,860.93,0.05,2453.65,1663.55,790.1,0.322
O0144,2025-10-25,C035,P102,Polo Shirt,Apparel,Chattogram,Partner,7,1186.24,0.1,7473.31,4655.05,2818.26,0.3771
O0145,2025-09-28,C064,P109,Notebook,Stationery,Rajshahi,Retail,3,185.1,0.15,472.0,290.41,181.59,0.3847
O0146,2026-02-01,C111,P111,Desk Lamp,Accessories,Khulna,Online,5,2331.31,0.05,11073.72,7670.17,3403.55,0.3074
O0147,2026-02-17,C111,P110,Pen Set,Stationery,Dhaka,Online,3,361.4,0,1084.2,723.21,360.99,0.333
O0148,2025-04-12,C029,P107,Backpack,Accessories,Chattogram,Online,5,1937.52,0.15,8234.46,5292.58,2941.88,0.3573
O0149,2026-03-16,C047,P106,Headset,Electronics,Rajshahi,Online,5,3380.33,0.05,16056.57,10379.52,5677.05,0.3536
O0150,2026-06-22,C012,P102,Polo Shirt,Apparel,Rajshahi,Partner,2,1167.9,0,2335.8,1427.76,908.04,0.3887
O0151,2025-10-30,C049,P107,Backpack,Accessories,Khulna,Online,1,1688.9,0.05,1604.45,972.57,631.88,0.3938
O0152,2026-10-23,C042,P109,Notebook,Stationery,Chattogram,Retail,5,190.09,0,950.45,657.99,292.46,0.3077
O0153,2026-03-16,C012,P110,Pen Set,Stationery,Rajshahi,Partner,7,359.68,0,2517.76,1771.42,746.34,0.2964
O0154,2025-05-22,C066,P108,Laptop Stand,Accessories,Rajshahi,Retail,3,1570.94,0,4712.82,3519.98,1192.84,0.2531
O0155,2025-04-11,C068,P104,Keyboard,Electronics,Khulna,Online,3,2101.46,0.15,5358.72,3356.91,2001.81,0.3736
O0156,2025-02-28,C105,P104,Keyboard,Electronics,Chattogram,Retail,1,2214.57,0,2214.57,1652.76,561.81,0.2537
O0157,2025-08-11,C023,P103,Trousers,Apparel,Rajshahi,Partner,1,1476.51,0,1476.51,1061.67,414.84,0.281
O0158,2026-10-10,C064,P102,Polo Shirt,Apparel,Chattogram,Online,2,1173.07,0.1,2111.53,1575.26,536.27,0.254
O0159,2026-01-26,C070,P105,Monitor,Electronics,Dhaka,Partner,1,14486.27,0,14486.27,8980.78,5505.49,0.38
O0160,2026-04-13,C027,P108,Laptop Stand,Accessories,Chattogram,Online,7,1664.99,0.15,9906.69,6739.78,3166.91,0.3197
O0161,2026-03-15,C013,P109,Notebook,Stationery,Rajshahi,Retail,7,172.46,0.15,1026.14,632.58,393.56,0.3835
O0162,2025-02-23,C006,P103,Trousers,Apparel,Rajshahi,Retail,2,1475.89,0.1,2656.6,1590.68,1065.92,0.4012
O0163,2025-09-14,C101,P107,Backpack,Accessories,Chattogram,Retail,5,1892.69,0.1,8517.11,5840.16,2676.95,0.3143
O0164,2026-08-08,C058,P101,Shirt,Apparel,Rajshahi,Retail,2,771.08,0,1542.16,937.82,604.34,0.3919
O0165,2025-05-23,C018,P105,Monitor,Electronics,Khulna,Retail,5,13853.14,0,69265.7,44402.22,24863.48,0.359
O0166,2026-06-02,C114,P111,Desk Lamp,Accessories,Dhaka,Retail,4,2308.01,0.05,8770.44,5467.79,3302.65,0.3766
O0167,2026-05-12,C057,P110,Pen Set,Stationery,Dhaka,Online,7,369.28,0.1,2326.46,1675.26,651.2,0.2799
O0168,2025-03-18,C048,P103,Trousers,Apparel,Khulna,Online,1,1499.32,0,1499.32,1101.18,398.14,0.2655
O0169,2025-03-01,C010,P109,Notebook,Stationery,Rajshahi,Retail,1,186.44,0.05,177.12,110.42,66.7,0.3766
O0170,2026-04-17,C022,P111,Desk Lamp,Accessories,Khulna,Retail,5,2096.94,0.1,9436.23,5775.46,3660.77,0.3879
O0171,2025-04-27,C083,P101,Shirt,Apparel,Dhaka,Retail,5,791.43,0.1,3561.43,2512.8,1048.63,0.2944
O0172,2026-02-18,C027,P104,Keyboard,Electronics,Dhaka,Retail,7,2358.51,0.1,14858.61,11150.67,3707.94,0.2495
O0173,2026-04-15,C054,P104,Keyboard,Electronics,Dhaka,Online,4,2301.44,0,9205.76,6355.72,2850.04,0.3096
O0174,2025-06-18,C097,P107,Backpack,Accessories,Rajshahi,Online,2,1940.88,0,3881.76,2612.97,1268.79,0.3269
O0175,2026-07-15,C055,P110,Pen Set,Stationery,Chattogram,Partner,5,352.99,0.15,1500.21,916.98,583.23,0.3888
O0176,2026-05-21,C052,P111,Desk Lamp,Accessories,Dhaka,Online,7,2366.71,0.05,15738.62,10240.24,5498.38,0.3494
O0177,2025-03-08,C107,P108,Laptop Stand,Accessories,Chattogram,Online,5,1710.75,0,8553.75,6391.87,2161.88,0.2527
O0178,2025-04-22,C084,P107,Backpack,Accessories,Khulna,Online,6,1881.49,0,11288.94,7406.93,3882.01,0.3439
O0179,2025-12-26,C054,P110,Pen Set,Stationery,Chattogram,Partner,4,359.32,0.1,1293.55,976.12,317.43,0.2454
O0180,2025-06-21,C113,P106,Headset,Electronics,Chattogram,Retail,3,3146.54,0.05,8967.64,5479.67,3487.97,0.389
O0181,2026-12-09,C049,P104,Keyboard,Electronics,Chattogram,Retail,4,2229.4,0,8917.6,5973.19,2944.41,0.3302
O0182,2026-12-08,C034,P104,Keyboard,Electronics,Rajshahi,Retail,4,2237.51,0.1,8055.04,4995.37,3059.67,0.3798
O0183,2026-09-16,C119,P109,Notebook,Stationery,Khulna,Online,5,190.77,0,953.85,711.27,242.58,0.2543
O0184,2026-01-28,C067,P112,Webcam,Electronics,Rajshahi,Online,7,4351.15,0.1,27412.24,18400.16,9012.08,0.3288
O0185,2026-12-27,C087,P104,Keyboard,Electronics,Rajshahi,Partner,1,2326.11,0.05,2209.8,1400.12,809.68,0.3664
O0186,2026-01-20,C113,P108,Laptop Stand,Accessories,Chattogram,Retail,7,1586.21,0,11103.47,8339.04,2764.43,0.249
O0187,2026-06-24,C003,P112,Webcam,Electronics,Chattogram,Partner,7,4101.71,0.1,25840.77,16760.22,9080.55,0.3514
O0188,2026-02-12,C015,P105,Monitor,Electronics,Chattogram,Online,5,15636.81,0,78184.05,52380.36,25803.69,0.33
O0189,2026-12-10,C099,P111,Desk Lamp,Accessories,Khulna,Online,2,2332.05,0.05,4430.9,2679.47,1751.43,0.3953
O0190,2025-01-11,C028,P110,Pen Set,Stationery,Rajshahi,Partner,7,327.9,0,2295.3,1399.71,895.59,0.3902
O0191,2026-10-28,C061,P109,Notebook,Stationery,Khulna,Online,1,174.6,0,174.6,118.65,55.95,0.3204
O0192,2025-12-05,C003,P107,Backpack,Accessories,Chattogram,Online,1,1695.63,0.15,1441.29,1046.89,394.4,0.2736
O0193,2026-03-13,C052,P110,Pen Set,Stationery,Khulna,Retail,3,348.3,0.05,992.66,664.39,328.27,0.3307
O0194,2026-06-20,C106,P112,Webcam,Electronics,Khulna,Partner,7,3915.52,0,27408.64,20511.22,6897.42,0.2517
O0195,2025-12-05,C015,P102,Polo Shirt,Apparel,Rajshahi,Online,6,1054.09,0.15,5375.86,4062.06,1313.8,0.2444
O0196,2026-07-14,C032,P111,Desk Lamp,Accessories,Chattogram,Online,2,2064.15,0.1,3715.47,2310.58,1404.89,0.3781
O0197,2026-02-03,C021,P109,Notebook,Stationery,Dhaka,Partner,2,188.81,0.1,339.86,251.04,88.82,0.2613
O0198,2025-03-15,C044,P101,Shirt,Apparel,Khulna,Online,1,831.32,0.15,706.62,523.42,183.2,0.2593
O0199,2026-06-24,C037,P107,Backpack,Accessories,Dhaka,Partner,1,1754.65,0.15,1491.45,912.46,578.99,0.3882
O0200,2025-12-01,C003,P112,Webcam,Electronics,Khulna,Retail,4,3931.88,0,15727.52,10361.67,5365.85,0.3412
O0201,2026-05-16,C016,P105,Monitor,Electronics,Chattogram,Retail,3,14026.77,0,42080.31,25194.39,16885.92,0.4013
O0202,2025-01-09,C035,P101,Shirt,Apparel,Rajshahi,Online,6,821.47,0.15,4189.5,2544.28,1645.22,0.3927
O0203,2025-10-10,C046,P108,Laptop Stand,Accessories,Khulna,Retail,5,1645.47,0.1,7404.62,4668.74,2735.88,0.3695
O0204,2026-07-15,C102,P105,Monitor,Electronics,Rajshahi,Partner,4,14052.77,0.15,47779.42,34832.45,12946.97,0.271
O0205,2025-06-01,C060,P101,Shirt,Apparel,Chattogram,Partner,2,788.85,0.15,1341.05,904.86,436.19,0.3253
O0206,2026-05-10,C105,P102,Polo Shirt,Apparel,Dhaka,Online,1,1124.44,0.05,1068.22,717.56,350.66,0.3283
O0207,2025-10-20,C065,P109,Notebook,Stationery,Chattogram,Partner,7,169.93,0.15,1011.08,600.25,410.83,0.4063
O0208,2026-01-16,C077,P108,Laptop Stand,Accessories,Khulna,Online,2,1679.92,0.05,3191.85,2412.41,779.44,0.2442
O0209,2025-05-27,C113,P104,Keyboard,Electronics,Dhaka,Retail,7,2107.68,0.15,12540.7,7623.05,4917.65,0.3921
O0210,2025-03-24,C019,P109,Notebook,Stationery,Khulna,Retail,2,169.09,0.1,304.36,203.03,101.33,0.3329
O0211,2026-10-10,C065,P107,Backpack,Accessories,Rajshahi,Retail,7,1907.84,0.05,12687.14,7769.96,4917.18,0.3876
O0212,2025-05-30,C064,P109,Notebook,Stationery,Dhaka,Online,3,171.49,0.1,463.02,334.34,128.68,0.2779
O0213,2026-08-11,C036,P101,Shirt,Apparel,Rajshahi,Retail,6,855.24,0,5131.44,2998.23,2133.21,0.4157
O0214,2026-06-22,C119,P102,Polo Shirt,Apparel,Dhaka,Online,6,1029.54,0.1,5559.52,3322.96,2236.56,0.4023
O0215,2025-05-27,C087,P104,Keyboard,Electronics,Dhaka,Retail,2,2164.52,0.1,3896.14,2700.95,1195.19,0.3068
O0216,2026-02-06,C059,P109,Notebook,Stationery,Rajshahi,Online,1,190.04,0,190.04,116.44,73.6,0.3873
O0217,2025-06-19,C033,P104,Keyboard,Electronics,Dhaka,Online,4,2067.44,0,8269.76,5025.87,3243.89,0.3923
O0218,2026-01-16,C061,P106,Headset,Electronics,Chattogram,Online,1,3300.86,0.1,2970.77,2241.16,729.61,0.2456
O0219,2026-11-07,C085,P104,Keyboard,Electronics,Khulna,Retail,7,2251.07,0,15757.49,11123.3,4634.19,0.2941
O0220,2025-05-29,C002,P105,Monitor,Electronics,Dhaka,Retail,6,15080.68,0.15,76911.47,50666.54,26244.93,0.3412
O0221,2025-02-10,C097,P106,Headset,Electronics,Chattogram,Online,6,3243.43,0.1,17514.52,11480.12,6034.4,0.3445
O0222,2026-06-29,C002,P105,Monitor,Electronics,Khulna,Online,3,15226.3,0,45678.9,33914.41,11764.49,0.2575
O0223,2025-09-30,C027,P109,Notebook,Stationery,Rajshahi,Retail,7,180.27,0,1261.89,857.52,404.37,0.3204
O0224,2025-06-09,C062,P105,Monitor,Electronics,Khulna,Partner,1,14500.79,0.1,13050.71,9705.06,3345.65,0.2564
O0225,2026-06-02,C046,P108,Laptop Stand,Accessories,Chattogram,Online,7,1655.09,0,11585.63,6723.92,4861.71,0.4196
O0226,2025-02-06,C068,P103,Trousers,Apparel,Khulna,Online,3,1523.32,0.15,3884.47,2424.51,1459.96,0.3758
O0227,2025-03-03,C032,P101,Shirt,Apparel,Khulna,Partner,4,805.44,0,3221.76,2139.51,1082.25,0.3359
O0228,2025-12-03,C071,P103,Trousers,Apparel,Dhaka,Partner,5,1583.34,0.05,7520.86,5144.04,2376.82,0.316
O0229,2025-10-08,C031,P112,Webcam,Electronics,Khulna,Retail,7,4283.34,0.15,25485.87,18298.17,7187.7,0.282
O0230,2026-07-26,C105,P106,Headset,Electronics,Khulna,Retail,5,3208.31,0,16041.55,11444.43,4597.12,0.2866
O0231,2025-08-09,C116,P102,Polo Shirt,Apparel,Khulna,Online,7,1057.97,0,7405.79,5562.84,1842.95,0.2489
O0232,2025-03-14,C096,P107,Backpack,Accessories,Dhaka,Retail,3,1816.27,0,5448.81,3693.98,1754.83,0.3221
O0233,2026-06-16,C025,P104,Keyboard,Electronics,Khulna,Retail,1,2337.56,0,2337.56,1406.19,931.37,0.3984
O0234,2025-08-18,C118,P105,Monitor,Electronics,Rajshahi,Partner,5,13766.34,0.15,58506.94,44412.02,14094.92,0.2409
O0235,2026-02-02,C076,P111,Desk Lamp,Accessories,Chattogram,Retail,4,2102.67,0,8410.68,6252.12,2158.56,0.2566
O0236,2025-04-11,C092,P108,Laptop Stand,Accessories,Khulna,Online,2,1638.18,0.05,3112.54,1889.49,1223.05,0.3929
O0237,2025-11-11,C099,P104,Keyboard,Electronics,Dhaka,Retail,3,2306.03,0.15,5880.38,3591.07,2289.31,0.3893
O0238,2026-12-18,C061,P112,Webcam,Electronics,Khulna,Partner,6,3990.56,0.05,22746.19,16368.71,6377.48,0.2804
O0239,2026-04-26,C097,P105,Monitor,Electronics,Rajshahi,Retail,1,13548.25,0.1,12193.43,7872.56,4320.87,0.3544
O0240,2026-12-25,C013,P104,Keyboard,Electronics,Chattogram,Retail,2,2316.54,0,4633.08,2815.71,1817.37,0.3923
O0241,2026-09-04,C020,P112,Webcam,Electronics,Rajshahi,Online,3,3949.3,0.15,10070.72,7067.95,3002.77,0.2982
O0242,2026-03-17,C012,P109,Notebook,Stationery,Rajshahi,Retail,3,183.64,0.1,495.83,312.05,183.78,0.3707
O0243,2025-05-06,C028,P101,Shirt,Apparel,Dhaka,Partner,7,811.16,0,5678.12,3409.65,2268.47,0.3995
O0244,2025-10-27,C107,P101,Shirt,Apparel,Chattogram,Online,1,811.87,0,811.87,505.77,306.1,0.377
O0245,2026-02-25,C005,P111,Desk Lamp,Accessories,Khulna,Retail,2,2103.87,0.1,3786.97,2504.46,1282.51,0.3387
O0246,2026-02-11,C020,P109,Notebook,Stationery,Chattogram,Retail,6,183.78,0.05,1047.55,720.35,327.2,0.3123
O0247,2025-03-22,C035,P101,Shirt,Apparel,Chattogram,Retail,7,848.23,0.1,5343.85,3443.88,1899.97,0.3555
O0248,2026-06-29,C050,P106,Headset,Electronics,Chattogram,Retail,4,3317.68,0,13270.72,8076.09,5194.63,0.3914
O0249,2025-01-10,C071,P105,Monitor,Electronics,Khulna,Partner,4,15206.62,0,60826.48,37116.1,23710.38,0.3898
O0250,2025-07-17,C039,P109,Notebook,Stationery,Chattogram,Online,4,175.62,0.1,632.23,421.06,211.17,0.334
O0251,2025-08-16,C041,P112,Webcam,Electronics,Dhaka,Online,2,4191.65,0,8383.3,5696.78,2686.52,0.3205
O0252,2025-06-24,C093,P104,Keyboard,Electronics,Chattogram,Retail,2,2326.4,0.1,4187.52,3161.72,1025.8,0.245
O0253,2026-10-14,C060,P112,Webcam,Electronics,Rajshahi,Online,6,4459.37,0.15,22742.79,15397.03,7345.76,0.323
O0254,2026-02-06,C028,P111,Desk Lamp,Accessories,Dhaka,Partner,2,2195.98,0,4391.96,2807.84,1584.12,0.3607
O0255,2025-08-09,C045,P103,Trousers,Apparel,Khulna,Retail,7,1544.41,0,10810.87,8033.75,2777.12,0.2569
O0256,2026-05-20,C115,P110,Pen Set,Stationery,Dhaka,Online,5,350.11,0,1750.55,1143.54,607.01,0.3468
O0257,2025-06-18,C063,P102,Polo Shirt,Apparel,Khulna,Retail,5,1122.12,0.1,5049.54,3721.52,1328.02,0.263
O0258,2025-10-13,C007,P108,Laptop Stand,Accessories,Rajshahi,Online,2,1531.26,0.05,2909.39,1763.13,1146.26,0.394
O0259,2026-02-06,C012,P105,Monitor,Electronics,Rajshahi,Online,2,15568.91,0.1,28024.04,18811.31,9212.73,0.3287
O0260,2026-05-10,C094,P110,Pen Set,Stationery,Chattogram,Online,4,364.06,0.15,1237.8,868.98,368.82,0.298
O0261,2026-02-02,C050,P104,Keyboard,Electronics,Khulna,Retail,7,2135.71,0.15,12707.47,7425.15,5282.32,0.4157
O0262,2025-03-09,C017,P102,Polo Shirt,Apparel,Dhaka,Online,4,1087.62,0.15,3697.91,2462.99,1234.92,0.334
O0263,2026-12-16,C032,P102,Polo Shirt,Apparel,Khulna,Partner,5,1172.58,0.1,5276.61,3520.58,1756.03,0.3328
O0264,2026-09-16,C093,P106,Headset,Electronics,Chattogram,Retail,6,3261.92,0,19571.52,12529.83,7041.69,0.3598
O0265,2026-01-04,C116,P107,Backpack,Accessories,Chattogram,Retail,4,1941.83,0.05,7378.95,4525.35,2853.6,0.3867
O0266,2026-11-10,C044,P108,Laptop Stand,Accessories,Chattogram,Partner,6,1672.52,0,10035.12,7023.32,3011.8,0.3001
O0267,2026-09-26,C051,P108,Laptop Stand,Accessories,Khulna,Retail,4,1503.54,0.1,5412.74,3858.68,1554.06,0.2871
O0268,2025-10-15,C027,P108,Laptop Stand,Accessories,Khulna,Online,7,1618.58,0.15,9630.55,6290.69,3339.86,0.3468
O0269,2025-07-07,C098,P109,Notebook,Stationery,Dhaka,Retail,3,192.32,0.15,490.42,330.86,159.56,0.3254
O0270,2026-03-10,C109,P107,Backpack,Accessories,Khulna,Partner,3,1924.78,0.05,5485.62,3828.38,1657.24,0.3021
O0271,2025-09-19,C037,P108,Laptop Stand,Accessories,Khulna,Online,1,1639.51,0,1639.51,988.45,651.06,0.3971
O0272,2025-02-19,C084,P101,Shirt,Apparel,Rajshahi,Online,7,755.39,0,5287.73,3075.92,2211.81,0.4183
O0273,2025-06-29,C072,P109,Notebook,Stationery,Khulna,Retail,4,175.46,0.1,631.66,401.4,230.26,0.3645
O0274,2026-03-21,C008,P105,Monitor,Electronics,Chattogram,Online,6,14273.29,0,85639.74,51769.29,33870.45,0.3955
O0275,2025-01-12,C065,P105,Monitor,Electronics,Khulna,Retail,5,14341.91,0.1,64538.6,45910.27,18628.33,0.2886
O0276,2025-03-06,C012,P103,Trousers,Apparel,Dhaka,Retail,2,1526.6,0,3053.2,1979.64,1073.56,0.3516
O0277,2025-07-02,C056,P101,Shirt,Apparel,Dhaka,Online,7,817.65,0.1,5151.2,3480.83,1670.37,0.3243
O0278,2026-01-12,C064,P102,Polo Shirt,Apparel,Chattogram,Online,3,1104.0,0.15,2815.2,2124.88,690.32,0.2452
O0279,2025-08-09,C027,P107,Backpack,Accessories,Khulna,Partner,3,1778.79,0.1,4802.73,2884.75,1917.98,0.3994
O0280,2026-11-23,C059,P112,Webcam,Electronics,Dhaka,Partner,6,4335.26,0.15,22109.83,13114.54,8995.29,0.4068
O0281,2025-08-25,C070,P104,Keyboard,Electronics,Chattogram,Online,4,2301.61,0.05,8746.12,5690.05,3056.07,0.3494
O0282,2026-12-16,C094,P111,Desk Lamp,Accessories,Khulna,Retail,6,2251.3,0,13507.8,9945.78,3562.02,0.2637
O0283,2025-08-05,C058,P107,Backpack,Accessories,Dhaka,Online,4,1917.32,0.1,6902.35,4106.11,2796.24,0.4051
O0284,2026-04-25,C011,P109,Notebook,Stationery,Rajshahi,Online,2,179.36,0.1,322.85,188.73,134.12,0.4154
O0285,2026-01-12,C007,P104,Keyboard,Electronics,Chattogram,Online,4,2085.87,0,8343.48,6048.44,2295.04,0.2751
O0286,2026-03-28,C058,P105,Monitor,Electronics,Rajshahi,Retail,5,13971.72,0.15,59379.81,37970.83,21408.98,0.3605
O0287,2025-09-23,C042,P104,Keyboard,Electronics,Rajshahi,Retail,2,2348.21,0.1,4226.78,3058.86,1167.92,0.2763
O0288,2026-08-17,C092,P108,Laptop Stand,Accessories,Rajshahi,Retail,7,1539.25,0.1,9697.27,6931.19,2766.08,0.2852
O0289,2026-06-21,C019,P108,Laptop Stand,Accessories,Dhaka,Online,3,1726.69,0.1,4662.06,3393.36,1268.7,0.2721
O0290,2025-04-27,C024,P101,Shirt,Apparel,Rajshahi,Partner,5,846.94,0,4234.7,2648.3,1586.4,0.3746
O0291,2025-12-13,C097,P109,Notebook,Stationery,Rajshahi,Online,3,175.86,0.05,501.2,291.58,209.62,0.4182
O0292,2025-02-28,C088,P106,Headset,Electronics,Rajshahi,Retail,3,3448.6,0,10345.8,7142.2,3203.6,0.3097
O0293,2026-09-05,C100,P112,Webcam,Electronics,Dhaka,Retail,3,4264.71,0,12794.13,9135.33,3658.8,0.286
O0294,2025-04-24,C062,P106,Headset,Electronics,Dhaka,Partner,3,3257.37,0.1,8794.9,6532.46,2262.44,0.2572
O0295,2025-06-19,C060,P108,Laptop Stand,Accessories,Dhaka,Retail,6,1675.7,0.15,8546.07,5719.43,2826.64,0.3308
O0296,2025-01-21,C026,P105,Monitor,Electronics,Dhaka,Retail,6,13919.05,0,83514.3,49503.54,34010.76,0.4072
O0297,2025-07-01,C081,P112,Webcam,Electronics,Rajshahi,Partner,6,4147.12,0.1,22394.45,14183.19,8211.26,0.3667
O0298,2026-06-16,C036,P112,Webcam,Electronics,Chattogram,Partner,4,4029.44,0,16117.76,10255.81,5861.95,0.3637
O0299,2025-05-23,C062,P107,Backpack,Accessories,Chattogram,Retail,4,1675.58,0,6702.32,4429.24,2273.08,0.3391
O0300,2026-09-23,C034,P104,Keyboard,Electronics,Khulna,Online,1,2285.23,0,2285.23,1581.49,703.74,0.308
O0301,2025-06-13,C050,P111,Desk Lamp,Accessories,Rajshahi,Retail,5,2242.78,0,11213.9,8055.74,3158.16,0.2816
O0302,2025-05-02,C055,P106,Headset,Electronics,Dhaka,Online,6,3247.12,0,19482.72,11604.65,7878.07,0.4044
O0303,2025-12-17,C110,P108,Laptop Stand,Accessories,Khulna,Partner,7,1588.09,0,11116.63,6695.83,4420.8,0.3977
O0304,2026-02-22,C040,P111,Desk Lamp,Accessories,Khulna,Partner,1,2358.99,0.05,2241.04,1660.87,580.17,0.2589
O0305,2025-03-01,C087,P112,Webcam,Electronics,Chattogram,Retail,1,3996.42,0.15,3396.96,2516.64,880.32,0.2591
O0306,2025-12-03,C088,P104,Keyboard,Electronics,Rajshahi,Partner,7,2207.89,0.05,14682.47,9580.03,5102.44,0.3475
O0307,2026-11-08,C086,P101,Shirt,Apparel,Chattogram,Partner,5,822.65,0,4113.25,2760.64,1352.61,0.3288
O0308,2026-06-02,C044,P109,Notebook,Stationery,Dhaka,Partner,6,170.29,0.15,868.48,510.18,358.3,0.4126
O0309,2025-01-22,C046,P102,Polo Shirt,Apparel,Rajshahi,Online,5,1159.3,0,5796.5,4273.09,1523.41,0.2628
O0310,2026-04-04,C115,P108,Laptop Stand,Accessories,Dhaka,Online,1,1641.53,0.1,1477.38,951.09,526.29,0.3562
O0311,2026-01-08,C027,P111,Desk Lamp,Accessories,Khulna,Online,7,2361.56,0.15,14051.28,9365.68,4685.6,0.3335
O0312,2026-08-14,C038,P107,Backpack,Accessories,Rajshahi,Online,5,1877.49,0,9387.45,6287.46,3099.99,0.3302
O0313,2026-10-29,C089,P105,Monitor,Electronics,Chattogram,Retail,3,13509.74,0,40529.22,25620.75,14908.47,0.3678
O0314,2026-08-27,C009,P103,Trousers,Apparel,Rajshahi,Online,2,1575.68,0.15,2678.66,1672.7,1005.96,0.3755
O0315,2026-03-01,C062,P109,Notebook,Stationery,Rajshahi,Retail,6,190.86,0,1145.16,672.31,472.85,0.4129
O0316,2026-12-13,C086,P102,Polo Shirt,Apparel,Rajshahi,Partner,4,1181.94,0.15,4018.6,2384.42,1634.18,0.4067
O0317,2025-09-24,C043,P101,Shirt,Apparel,Rajshahi,Retail,4,840.56,0,3362.24,2234.88,1127.36,0.3353
O0318,2025-01-31,C082,P111,Desk Lamp,Accessories,Chattogram,Online,5,2182.03,0.1,9819.14,6790.42,3028.72,0.3085
O0319,2025-09-01,C003,P106,Headset,Electronics,Dhaka,Retail,1,3334.32,0.15,2834.17,1748.59,1085.58,0.383
O0320,2025-10-12,C120,P104,Keyboard,Electronics,Khulna,Retail,6,2267.03,0.15,11561.85,8501.92,3059.93,0.2647
O0321,2025-08-13,C119,P108,Laptop Stand,Accessories,Rajshahi,Retail,6,1517.78,0.05,8651.35,6089.15,2562.2,0.2962
O0322,2025-08-14,C098,P106,Headset,Electronics,Rajshahi,Online,7,3172.75,0.05,21098.79,13930.94,7167.85,0.3397
O0323,2026-07-16,C116,P107,Backpack,Accessories,Chattogram,Partner,3,1876.3,0.05,5347.45,3378.55,1968.9,0.3682
O0324,2025-07-17,C052,P101,Shirt,Apparel,Khulna,Online,4,800.8,0.1,2882.88,1782.85,1100.03,0.3816
O0325,2026-04-15,C097,P111,Desk Lamp,Accessories,Khulna,Retail,4,2141.82,0,8567.28,5436.47,3130.81,0.3654
O0326,2025-12-23,C015,P105,Monitor,Electronics,Chattogram,Partner,3,14619.23,0,43857.69,26624.76,17232.93,0.3929
O0327,2025-06-26,C006,P104,Keyboard,Electronics,Rajshahi,Online,6,2055.35,0,12332.1,8634.29,3697.81,0.2999
O0328,2025-09-28,C067,P111,Desk Lamp,Accessories,Chattogram,Retail,3,2187.98,0.15,5579.35,3468.01,2111.34,0.3784
O0329,2025-09-15,C009,P109,Notebook,Stationery,Dhaka,Partner,2,173.3,0,346.6,230.79,115.81,0.3341
O0330,2025-03-23,C060,P101,Shirt,Apparel,Dhaka,Partner,4,758.12,0.1,2729.23,1990.84,738.39,0.2705
O0331,2026-05-04,C079,P107,Backpack,Accessories,Dhaka,Online,4,1717.47,0.05,6526.39,4739.78,1786.61,0.2738
O0332,2025-10-25,C078,P107,Backpack,Accessories,Khulna,Partner,4,1792.61,0,7170.44,4698.99,2471.45,0.3447
O0333,2025-10-17,C034,P105,Monitor,Electronics,Rajshahi,Online,5,14486.98,0.15,61569.66,45093.48,16476.18,0.2676
O0334,2026-06-23,C100,P110,Pen Set,Stationery,Dhaka,Retail,7,362.44,0.15,2156.52,1416.87,739.65,0.343
O0335,2025-10-31,C102,P112,Webcam,Electronics,Khulna,Partner,1,4418.15,0,4418.15,2972.44,1445.71,0.3272
O0336,2026-06-17,C105,P101,Shirt,Apparel,Khulna,Retail,3,766.76,0.1,2070.25,1493.34,576.91,0.2787
O0337,2025-12-05,C069,P106,Headset,Electronics,Rajshahi,Partner,4,3232.6,0,12930.4,9393.56,3536.84,0.2735
O0338,2025-11-02,C012,P108,Laptop Stand,Accessories,Khulna,Partner,7,1672.0,0.15,9948.4,7074.33,2874.07,0.2889
O0339,2025-03-07,C018,P107,Backpack,Accessories,Khulna,Online,4,1763.31,0,7053.24,4289.81,2763.43,0.3918
O0340,2026-05-20,C008,P109,Notebook,Stationery,Dhaka,Partner,1,181.84,0.05,172.75,119.77,52.98,0.3067
O0341,2026-05-06,C081,P108,Laptop Stand,Accessories,Chattogram,Partner,2,1529.42,0.05,2905.9,2024.72,881.18,0.3032
O0342,2025-11-12,C041,P105,Monitor,Electronics,Rajshahi,Partner,6,14279.87,0,85679.22,60352.41,25326.81,0.2956
O0343,2026-12-29,C031,P112,Webcam,Electronics,Rajshahi,Retail,3,4052.24,0,12156.72,8576.17,3580.55,0.2945
O0344,2026-11-14,C011,P107,Backpack,Accessories,Rajshahi,Partner,2,1916.4,0,3832.8,2907.44,925.36,0.2414
O0345,2026-02-05,C063,P112,Webcam,Electronics,Chattogram,Retail,2,4083.35,0.05,7758.36,5172.27,2586.09,0.3333
O0346,2025-05-20,C084,P101,Shirt,Apparel,Chattogram,Retail,4,744.28,0,2977.12,1809.58,1167.54,0.3922
O0347,2025-10-16,C025,P103,Trousers,Apparel,Dhaka,Online,6,1514.7,0,9088.2,6309.05,2779.15,0.3058
O0348,2025-08-21,C052,P103,Trousers,Apparel,Dhaka,Online,7,1498.0,0,10486.0,6537.31,3948.69,0.3766
O0349,2025-03-10,C046,P103,Trousers,Apparel,Rajshahi,Retail,1,1461.59,0.05,1388.51,1010.14,378.37,0.2725
O0350,2025-11-07,C040,P112,Webcam,Electronics,Chattogram,Retail,1,4188.18,0,4188.18,2806.35,1381.83,0.3299
O0351,2026-03-26,C023,P108,Laptop Stand,Accessories,Chattogram,Retail,6,1626.16,0.1,8781.26,5580.36,3200.9,0.3645
O0352,2025-03-29,C001,P111,Desk Lamp,Accessories,Khulna,Online,6,2125.29,0.05,12114.15,7200.62,4913.53,0.4056
O0353,2025-05-01,C088,P110,Pen Set,Stationery,Rajshahi,Partner,7,373.27,0.15,2220.96,1568.38,652.58,0.2938
O0354,2026-01-14,C086,P110,Pen Set,Stationery,Rajshahi,Partner,3,358.0,0.15,912.9,677.01,235.89,0.2584
O0355,2026-12-06,C012,P112,Webcam,Electronics,Rajshahi,Online,4,4173.73,0.05,15860.17,9448.28,6411.89,0.4043
O0356,2025-08-26,C007,P108,Laptop Stand,Accessories,Chattogram,Partner,4,1550.93,0.1,5583.35,3395.44,2187.91,0.3919
O0357,2026-01-14,C101,P101,Shirt,Apparel,Chattogram,Retail,3,750.65,0,2251.95,1609.89,642.06,0.2851
O0358,2026-06-21,C004,P109,Notebook,Stationery,Khulna,Online,3,177.13,0.1,478.25,316.73,161.52,0.3377
O0359,2025-01-08,C083,P103,Trousers,Apparel,Chattogram,Retail,3,1402.95,0.1,3787.97,2733.86,1054.11,0.2783
O0360,2026-10-22,C070,P108,Laptop Stand,Accessories,Chattogram,Online,1,1507.53,0.1,1356.78,880.53,476.25,0.351
O0361,2026-02-08,C067,P111,Desk Lamp,Accessories,Khulna,Retail,2,2278.44,0,4556.88,3413.65,1143.23,0.2509
O0362,2025-06-10,C041,P104,Keyboard,Electronics,Dhaka,Online,6,2128.35,0.15,10854.58,6392.59,4461.99,0.4111
O0363,2025-05-18,C079,P104,Keyboard,Electronics,Khulna,Retail,5,2268.72,0,11343.6,8269.36,3074.24,0.271
O0364,2025-05-16,C054,P111,Desk Lamp,Accessories,Rajshahi,Partner,1,2137.92,0.05,2031.02,1542.24,488.78,0.2407
O0365,2026-09-24,C103,P109,Notebook,Stationery,Dhaka,Partner,5,169.79,0.05,806.5,561.9,244.6,0.3033
O0366,2026-05-25,C021,P102,Polo Shirt,Apparel,Dhaka,Retail,3,1115.44,0.15,2844.37,2160.75,683.62,0.2403
O0367,2025-05-16,C071,P108,Laptop Stand,Accessories,Chattogram,Retail,6,1653.66,0,9921.96,6523.14,3398.82,0.3426
O0368,2025-07-08,C038,P106,Headset,Electronics,Chattogram,Online,1,3282.08,0,3282.08,2100.53,1181.55,0.36
O0369,2026-09-20,C088,P111,Desk Lamp,Accessories,Khulna,Online,5,2149.62,0.05,10210.69,6982.08,3228.61,0.3162
O0370,2025-07-22,C017,P110,Pen Set,Stationery,Chattogram,Retail,2,355.28,0,710.56,434.76,275.8,0.3881
O0371,2026-09-08,C027,P109,Notebook,Stationery,Rajshahi,Retail,3,180.38,0,541.14,339.81,201.33,0.372
O0372,2025-01-13,C003,P101,Shirt,Apparel,Rajshahi,Partner,3,854.82,0.1,2308.01,1425.14,882.87,0.3825
O0373,2026-08-12,C056,P111,Desk Lamp,Accessories,Rajshahi,Online,4,2363.92,0,9455.68,7035.4,2420.28,0.256
O0374,2026-07-07,C048,P109,Notebook,Stationery,Rajshahi,Online,2,193.52,0.1,348.34,226.48,121.86,0.3498
O0375,2025-06-28,C028,P106,Headset,Electronics,Dhaka,Retail,7,3000.86,0,21006.02,15890.37,5115.65,0.2435
O0376,2026-04-13,C057,P108,Laptop Stand,Accessories,Rajshahi,Partner,3,1539.94,0.15,3926.85,2404.76,1522.09,0.3876
O0377,2025-03-26,C067,P101,Shirt,Apparel,Dhaka,Retail,2,773.91,0.05,1470.43,922.48,547.95,0.3726
O0378,2025-07-15,C071,P106,Headset,Electronics,Dhaka,Retail,6,3396.17,0,20377.02,11843.58,8533.44,0.4188
O0379,2026-05-03,C009,P107,Backpack,Accessories,Rajshahi,Partner,6,1774.23,0,10645.38,7958.35,2687.03,0.2524
O0380,2026-12-11,C086,P108,Laptop Stand,Accessories,Chattogram,Retail,3,1530.25,0,4590.75,3102.41,1488.34,0.3242
O0381,2026-11-24,C099,P112,Webcam,Electronics,Dhaka,Retail,3,4190.13,0.15,10684.83,7415.29,3269.54,0.306
O0382,2026-03-12,C029,P101,Shirt,Apparel,Chattogram,Partner,6,802.68,0.1,4334.47,3236.57,1097.9,0.2533
O0383,2025-07-24,C082,P112,Webcam,Electronics,Khulna,Partner,7,4243.85,0,29706.95,18002.95,11704.0,0.394
O0384,2026-04-06,C021,P103,Trousers,Apparel,Dhaka,Partner,3,1491.79,0,4475.37,3187.37,1288.0,0.2878
O0385,2026-07-08,C034,P102,Polo Shirt,Apparel,Dhaka,Retail,7,1173.72,0,8216.04,6203.33,2012.71,0.245
O0386,2025-05-30,C010,P108,Laptop Stand,Accessories,Rajshahi,Online,2,1559.63,0,3119.26,2134.1,985.16,0.3158
O0387,2026-06-11,C034,P110,Pen Set,Stationery,Chattogram,Online,7,326.48,0,2285.36,1389.32,896.04,0.3921
O0388,2025-11-18,C062,P109,Notebook,Stationery,Rajshahi,Partner,5,176.51,0.1,794.29,478.59,315.7,0.3975
O0389,2025-10-19,C024,P110,Pen Set,Stationery,Khulna,Online,2,344.96,0.1,620.93,463.8,157.13,0.2531
O0390,2025-10-23,C016,P105,Monitor,Electronics,Rajshahi,Retail,4,13518.17,0.05,51369.05,35035.0,16334.05,0.318
O0391,2026-01-20,C080,P102,Polo Shirt,Apparel,Rajshahi,Partner,4,1130.81,0.1,4070.92,2787.02,1283.9,0.3154
O0392,2025-12-01,C027,P102,Polo Shirt,Apparel,Rajshahi,Online,1,1023.02,0.1,920.72,688.8,231.92,0.2519
O0393,2026-12-22,C083,P109,Notebook,Stationery,Dhaka,Online,4,169.92,0.15,577.73,361.81,215.92,0.3737
O0394,2026-06-27,C100,P104,Keyboard,Electronics,Khulna,Retail,4,2289.88,0.05,8701.54,6482.61,2218.93,0.255
O0395,2026-10-29,C020,P104,Keyboard,Electronics,Rajshahi,Retail,3,2174.79,0,6524.37,4147.82,2376.55,0.3643
O0396,2025-10-12,C065,P110,Pen Set,Stationery,Chattogram,Online,6,367.18,0.05,2092.93,1358.97,733.96,0.3507
O0397,2025-07-25,C013,P105,Monitor,Electronics,Khulna,Online,6,13775.98,0.05,78523.09,48206.46,30316.63,0.3861
O0398,2026-09-09,C044,P106,Headset,Electronics,Dhaka,Retail,7,3073.85,0,21516.95,13558.4,7958.55,0.3699
O0399,2025-01-23,C073,P105,Monitor,Electronics,Khulna,Partner,6,14530.84,0.15,74107.28,51847.9,22259.38,0.3004
O0400,2026-01-26,C005,P105,Monitor,Electronics,Dhaka,Partner,1,14896.48,0,14896.48,10374.07,4522.41,0.3036
O0401,2026-03-01,C057,P101,Shirt,Apparel,Rajshahi,Online,5,754.43,0.1,3394.93,2442.96,951.97,0.2804
O0402,2025-06-16,C040,P109,Notebook,Stationery,Rajshahi,Retail,5,192.45,0,962.25,690.02,272.23,0.2829
O0403,2026-02-12,C062,P103,Trousers,Apparel,Dhaka,Partner,7,1533.1,0.05,10195.11,6987.51,3207.6,0.3146
O0404,2025-12-08,C095,P109,Notebook,Stationery,Dhaka,Online,3,188.19,0,564.57,419.36,145.21,0.2572
O0405,2026-04-10,C034,P110,Pen Set,Stationery,Chattogram,Online,7,372.45,0.15,2216.08,1490.2,725.88,0.3276
O0406,2026-08-08,C104,P102,Polo Shirt,Apparel,Chattogram,Partner,2,1178.29,0.1,2120.92,1440.98,679.94,0.3206
O0407,2025-08-28,C111,P101,Shirt,Apparel,Dhaka,Online,4,821.72,0.05,3122.54,2270.37,852.17,0.2729
O0408,2026-01-13,C101,P104,Keyboard,Electronics,Dhaka,Partner,1,2102.49,0,2102.49,1220.32,882.17,0.4196
O0409,2026-07-31,C110,P102,Polo Shirt,Apparel,Khulna,Partner,7,1047.02,0,7329.14,4294.52,3034.62,0.414
O0410,2026-07-12,C035,P111,Desk Lamp,Accessories,Khulna,Retail,3,2286.75,0.15,5831.21,4225.39,1605.82,0.2754
O0411,2025-08-02,C025,P107,Backpack,Accessories,Chattogram,Retail,3,1863.42,0,5590.26,4036.69,1553.57,0.2779
O0412,2026-01-27,C106,P107,Backpack,Accessories,Chattogram,Online,6,1817.7,0,10906.2,6844.89,4061.31,0.3724
O0413,2025-09-12,C102,P110,Pen Set,Stationery,Chattogram,Retail,4,375.59,0.15,1277.01,777.46,499.55,0.3912
O0414,2025-07-20,C118,P111,Desk Lamp,Accessories,Dhaka,Retail,1,2224.37,0.15,1890.71,1207.0,683.71,0.3616
O0415,2025-02-19,C110,P109,Notebook,Stationery,Khulna,Retail,5,182.4,0.05,866.4,639.67,226.73,0.2617
O0416,2026-07-09,C035,P108,Laptop Stand,Accessories,Khulna,Online,6,1516.04,0,9096.24,6448.91,2647.33,0.291
O0417,2026-08-16,C040,P107,Backpack,Accessories,Rajshahi,Online,4,1884.53,0.05,7161.21,4501.83,2659.38,0.3714
O0418,2025-04-09,C062,P103,Trousers,Apparel,Rajshahi,Retail,5,1534.0,0,7670.0,4966.7,2703.3,0.3525
O0419,2025-10-14,C114,P109,Notebook,Stationery,Rajshahi,Retail,7,177.96,0,1245.72,815.8,429.92,0.3451
O0420,2026-01-26,C031,P102,Polo Shirt,Apparel,Rajshahi,Retail,4,1072.14,0.05,4074.13,2657.98,1416.15,0.3476
O0421,2026-10-14,C115,P106,Headset,Electronics,Chattogram,Online,2,3229.97,0,6459.94,4443.46,2016.48,0.3122
O0422,2025-07-27,C044,P102,Polo Shirt,Apparel,Rajshahi,Partner,5,1060.97,0.1,4774.37,2834.64,1939.73,0.4063
O0423,2025-04-25,C016,P109,Notebook,Stationery,Khulna,Online,7,174.36,0.05,1159.49,785.22,374.27,0.3228
O0424,2026-08-09,C057,P104,Keyboard,Electronics,Dhaka,Partner,5,2366.33,0.05,11240.07,7680.99,3559.08,0.3166
O0425,2026-03-10,C118,P104,Keyboard,Electronics,Khulna,Retail,7,2259.29,0.1,14233.53,10707.18,3526.35,0.2477
O0426,2025-09-14,C099,P102,Polo Shirt,Apparel,Khulna,Online,6,1125.96,0,6755.76,4044.91,2710.85,0.4013
O0427,2026-03-13,C086,P107,Backpack,Accessories,Khulna,Retail,2,1753.94,0.1,3157.09,2196.25,960.84,0.3043
O0428,2026-09-05,C115,P106,Headset,Electronics,Chattogram,Retail,5,3210.57,0.15,13644.92,9817.82,3827.1,0.2805
O0429,2025-06-11,C069,P101,Shirt,Apparel,Dhaka,Partner,6,778.6,0.15,3970.86,2872.06,1098.8,0.2767
O0430,2025-01-11,C052,P107,Backpack,Accessories,Rajshahi,Retail,1,1806.26,0.05,1715.95,1055.1,660.85,0.3851
O0431,2026-02-25,C010,P110,Pen Set,Stationery,Rajshahi,Partner,1,376.69,0,376.69,231.5,145.19,0.3854
O0432,2026-10-09,C050,P108,Laptop Stand,Accessories,Chattogram,Partner,5,1509.94,0.15,6417.25,3883.95,2533.3,0.3948
O0433,2026-04-22,C013,P107,Backpack,Accessories,Chattogram,Online,2,1903.35,0,3806.7,2641.42,1165.28,0.3061
O0434,2025-08-12,C069,P102,Polo Shirt,Apparel,Dhaka,Partner,5,1128.04,0,5640.2,4068.3,1571.9,0.2787
O0435,2026-04-14,C100,P105,Monitor,Electronics,Chattogram,Online,1,13912.41,0,13912.41,8792.56,5119.85,0.368
O0436,2026-02-07,C058,P108,Laptop Stand,Accessories,Chattogram,Retail,7,1533.61,0,10735.27,6517.81,4217.46,0.3929
O0437,2025-07-25,C027,P107,Backpack,Accessories,Rajshahi,Partner,6,1800.27,0.1,9721.46,6767.44,2954.02,0.3039
O0438,2026-12-02,C063,P109,Notebook,Stationery,Chattogram,Partner,1,190.32,0.1,171.29,109.18,62.11,0.3626
O0439,2026-07-14,C016,P112,Webcam,Electronics,Rajshahi,Partner,1,4118.63,0,4118.63,2870.28,1248.35,0.3031
O0440,2026-08-27,C071,P112,Webcam,Electronics,Dhaka,Retail,6,4498.27,0.15,22941.18,14818.61,8122.57,0.3541
O0441,2025-10-18,C017,P108,Laptop Stand,Accessories,Khulna,Online,4,1584.29,0,6337.16,3847.93,2489.23,0.3928
O0442,2026-11-10,C065,P103,Trousers,Apparel,Chattogram,Online,3,1521.57,0.15,3880.0,2810.98,1069.02,0.2755
O0443,2026-03-20,C118,P108,Laptop Stand,Accessories,Khulna,Retail,5,1712.24,0.05,8133.14,5877.34,2255.8,0.2774
O0444,2025-09-04,C002,P111,Desk Lamp,Accessories,Rajshahi,Partner,6,2345.42,0.1,12665.27,8878.53,3786.74,0.299
O0445,2025-10-01,C040,P107,Backpack,Accessories,Dhaka,Retail,7,1922.4,0.1,12111.12,7785.35,4325.77,0.3572
O0446,2026-10-07,C025,P102,Polo Shirt,Apparel,Dhaka,Partner,5,1057.62,0,5288.1,3213.58,2074.52,0.3923
O0447,2025-10-26,C097,P108,Laptop Stand,Accessories,Khulna,Retail,4,1671.83,0,6687.32,3980.14,2707.18,0.4048
O0448,2026-11-27,C053,P101,Shirt,Apparel,Khulna,Partner,2,761.82,0.15,1295.09,793.45,501.64,0.3873
O0449,2026-09-14,C094,P108,Laptop Stand,Accessories,Dhaka,Retail,3,1633.0,0.1,4409.1,2617.72,1791.38,0.4063
O0450,2025-11-30,C072,P103,Trousers,Apparel,Rajshahi,Online,2,1489.9,0,2979.8,1797.99,1181.81,0.3966
O0451,2026-06-22,C094,P112,Webcam,Electronics,Khulna,Retail,3,4044.08,0,12132.24,7133.75,4998.49,0.412
O0452,2025-08-12,C025,P101,Shirt,Apparel,Rajshahi,Online,4,850.84,0.1,3063.02,2288.48,774.54,0.2529
O0453,2025-01-16,C093,P102,Polo Shirt,Apparel,Khulna,Online,3,1052.56,0.05,2999.8,2158.79,841.01,0.2804
O0454,2026-10-08,C020,P103,Trousers,Apparel,Chattogram,Partner,2,1417.82,0.15,2410.29,1601.96,808.33,0.3354
O0455,2026-06-05,C041,P111,Desk Lamp,Accessories,Rajshahi,Retail,5,2062.97,0.15,8767.62,6261.61,2506.01,0.2858
O0456,2026-04-26,C078,P102,Polo Shirt,Apparel,Rajshahi,Retail,4,1167.25,0.1,4202.1,2470.95,1731.15,0.412
O0457,2026-03-25,C100,P111,Desk Lamp,Accessories,Dhaka,Online,5,2300.8,0,11504.0,8118.76,3385.24,0.2943
O0458,2026-12-18,C006,P112,Webcam,Electronics,Dhaka,Retail,3,4394.29,0.1,11864.58,7266.36,4598.22,0.3876
O0459,2025-04-05,C019,P101,Shirt,Apparel,Dhaka,Retail,5,854.8,0,4274.0,2792.38,1481.62,0.3467
O0460,2025-06-16,C115,P107,Backpack,Accessories,Chattogram,Online,5,1784.92,0.05,8478.37,5516.18,2962.19,0.3494
O0461,2025-06-06,C091,P106,Headset,Electronics,Khulna,Online,4,3008.86,0.1,10831.9,6349.12,4482.78,0.4138
O0462,2025-08-05,C075,P112,Webcam,Electronics,Rajshahi,Partner,5,4526.57,0,22632.85,14587.09,8045.76,0.3555
O0463,2025-06-14,C045,P110,Pen Set,Stationery,Dhaka,Online,4,330.99,0.05,1257.76,915.12,342.64,0.2724
O0464,2025-10-27,C112,P109,Notebook,Stationery,Rajshahi,Partner,4,169.06,0.05,642.43,463.17,179.26,0.279
O0465,2025-10-13,C005,P101,Shirt,Apparel,Chattogram,Online,4,840.45,0,3361.8,2054.09,1307.71,0.389
O0466,2025-11-02,C077,P102,Polo Shirt,Apparel,Chattogram,Online,3,1084.1,0,3252.3,2274.82,977.48,0.3006
O0467,2025-06-23,C041,P108,Laptop Stand,Accessories,Chattogram,Online,3,1515.19,0.05,4318.29,2629.53,1688.76,0.3911
O0468,2026-11-03,C112,P112,Webcam,Electronics,Dhaka,Retail,1,3982.45,0.05,3783.33,2668.65,1114.68,0.2946
O0469,2026-04-27,C020,P106,Headset,Electronics,Khulna,Partner,7,3446.45,0,24125.15,16853.55,7271.6,0.3014
O0470,2026-07-25,C010,P107,Backpack,Accessories,Khulna,Partner,4,1902.65,0.1,6849.54,5053.78,1795.76,0.2622
O0471,2026-10-02,C064,P105,Monitor,Electronics,Khulna,Retail,4,14261.0,0.15,48487.4,35411.57,13075.83,0.2697
O0472,2025-12-29,C068,P103,Trousers,Apparel,Rajshahi,Online,1,1416.75,0.05,1345.91,1017.74,328.17,0.2438
O0473,2026-04-26,C044,P103,Trousers,Apparel,Chattogram,Partner,2,1453.55,0,2907.1,2087.97,819.13,0.2818
O0474,2026-05-02,C003,P102,Polo Shirt,Apparel,Rajshahi,Retail,4,1051.99,0,4207.96,2992.13,1215.83,0.2889
O0475,2026-07-10,C083,P109,Notebook,Stationery,Khulna,Partner,5,177.97,0,889.85,602.51,287.34,0.3229
O0476,2025-08-16,C116,P112,Webcam,Electronics,Khulna,Retail,3,4241.95,0.05,12089.56,7281.9,4807.66,0.3977
O0477,2025-10-22,C049,P102,Polo Shirt,Apparel,Khulna,Partner,3,1042.6,0.1,2815.02,1690.0,1125.02,0.3996
O0478,2026-07-11,C093,P107,Backpack,Accessories,Chattogram,Retail,3,1702.73,0.15,4341.96,2669.25,1672.71,0.3852
O0479,2025-06-01,C093,P108,Laptop Stand,Accessories,Chattogram,Online,2,1699.49,0.15,2889.13,1781.13,1108.0,0.3835
O0480,2025-02-13,C063,P110,Pen Set,Stationery,Chattogram,Partner,6,359.37,0,2156.22,1375.5,780.72,0.3621
O0481,2026-11-04,C041,P104,Keyboard,Electronics,Chattogram,Partner,7,2084.7,0.15,12403.96,8949.23,3454.73,0.2785
O0482,2025-05-01,C032,P108,Laptop Stand,Accessories,Dhaka,Online,4,1590.7,0.15,5408.38,4088.1,1320.28,0.2441
O0483,2025-06-20,C065,P107,Backpack,Accessories,Chattogram,Retail,4,1721.98,0,6887.92,4282.23,2605.69,0.3783
O0484,2026-12-14,C001,P107,Backpack,Accessories,Dhaka,Partner,5,1840.79,0.15,7823.36,5943.1,1880.26,0.2403
O0485,2025-12-23,C098,P111,Desk Lamp,Accessories,Khulna,Partner,6,2109.67,0.05,12025.12,8780.29,3244.83,0.2698
O0486,2025-07-08,C113,P105,Monitor,Electronics,Dhaka,Online,1,15010.01,0,15010.01,9607.32,5402.69,0.3599
O0487,2026-03-17,C083,P106,Headset,Electronics,Rajshahi,Online,3,3346.23,0.1,9034.82,6378.45,2656.37,0.294
O0488,2026-08-01,C079,P112,Webcam,Electronics,Dhaka,Partner,1,4185.94,0.1,3767.35,2375.96,1391.39,0.3693
O0489,2025-04-27,C015,P109,Notebook,Stationery,Chattogram,Partner,3,173.98,0,521.94,338.98,182.96,0.3505
O0490,2026-02-21,C046,P101,Shirt,Apparel,Khulna,Partner,1,816.22,0,816.22,550.39,265.83,0.3257
O0491,2025-04-10,C086,P104,Keyboard,Electronics,Rajshahi,Retail,4,2334.68,0,9338.72,6920.66,2418.06,0.2589
O0492,2026-09-26,C034,P111,Desk Lamp,Accessories,Khulna,Online,5,2104.08,0.15,8942.34,6447.76,2494.58,0.279
O0493,2025-07-21,C057,P102,Polo Shirt,Apparel,Khulna,Partner,1,1176.63,0,1176.63,706.54,470.09,0.3995
O0494,2025-12-28,C119,P104,Keyboard,Electronics,Rajshahi,Retail,6,2108.62,0,12651.72,8150.58,4501.14,0.3558
O0495,2025-08-20,C059,P102,Polo Shirt,Apparel,Khulna,Retail,1,1178.3,0.15,1001.55,629.26,372.29,0.3717
O0496,2026-04-10,C030,P109,Notebook,Stationery,Khulna,Retail,5,188.56,0,942.8,557.02,385.78,0.4092
O0497,2025-10-28,C046,P102,Polo Shirt,Apparel,Rajshahi,Retail,2,1144.9,0.1,2060.82,1437.94,622.88,0.3022
O0498,2026-12-30,C006,P102,Polo Shirt,Apparel,Rajshahi,Partner,3,1175.27,0.1,3173.23,2283.04,890.19,0.2805
O0499,2026-08-08,C077,P110,Pen Set,Stationery,Dhaka,Online,2,346.04,0.05,657.48,386.63,270.85,0.412
O0500,2026-12-14,C057,P106,Headset,Electronics,Rajshahi,Partner,4,3230.81,0.05,12277.08,8094.7,4182.38,0.3407
O0501,2026-09-27,C111,P111,Desk Lamp,Accessories,Chattogram,Partner,7,2350.91,0,16456.37,11805.83,4650.54,0.2826
O0502,2025-01-26,C027,P110,Pen Set,Stationery,Dhaka,Retail,5,360.61,0,1803.05,1243.31,559.74,0.3104
O0503,2026-09-03,C064,P106,Headset,Electronics,Chattogram,Retail,6,3128.39,0.05,17831.82,10812.15,7019.67,0.3937
O0504,2025-08-08,C069,P101,Shirt,Apparel,Dhaka,Partner,1,823.03,0.05,781.88,497.92,283.96,0.3632
O0505,2026-05-03,C080,P105,Monitor,Electronics,Khulna,Online,1,15433.32,0,15433.32,9136.48,6296.84,0.408
O0506,2026-05-04,C026,P104,Keyboard,Electronics,Khulna,Partner,2,2062.7,0.15,3506.59,2229.66,1276.93,0.3642
O0507,2026-03-12,C095,P108,Laptop Stand,Accessories,Rajshahi,Retail,3,1568.51,0.1,4234.98,2723.23,1511.75,0.357
O0508,2026-07-28,C082,P109,Notebook,Stationery,Rajshahi,Partner,7,189.75,0,1328.25,921.85,406.4,0.306
O0509,2025-08-25,C100,P109,Notebook,Stationery,Rajshahi,Online,2,183.35,0,366.7,264.5,102.2,0.2787
O0510,2026-11-05,C119,P103,Trousers,Apparel,Chattogram,Partner,3,1427.68,0.15,3640.58,2509.39,1131.19,0.3107
O0511,2025-05-22,C059,P102,Polo Shirt,Apparel,Rajshahi,Retail,5,1151.22,0.1,5180.49,3126.0,2054.49,0.3966
O0512,2025-09-11,C030,P102,Polo Shirt,Apparel,Rajshahi,Partner,6,1027.89,0,6167.34,4621.15,1546.19,0.2507
O0513,2025-03-25,C084,P107,Backpack,Accessories,Dhaka,Online,2,1793.14,0,3586.28,2529.92,1056.36,0.2946
O0514,2025-05-29,C037,P102,Polo Shirt,Apparel,Rajshahi,Partner,3,1025.42,0,3076.26,2208.78,867.48,0.282
O0515,2026-01-19,C056,P107,Backpack,Accessories,Rajshahi,Online,6,1746.09,0.15,8905.06,6251.03,2654.03,0.298
O0516,2025-04-17,C084,P109,Notebook,Stationery,Chattogram,Retail,4,173.15,0.15,588.71,409.55,179.16,0.3043
O0517,2026-04-18,C097,P102,Polo Shirt,Apparel,Khulna,Retail,4,1085.0,0,4340.0,3270.2,1069.8,0.2465
O0518,2026-08-15,C056,P108,Laptop Stand,Accessories,Dhaka,Online,7,1699.68,0.05,11302.87,8110.05,3192.82,0.2825
O0519,2026-05-27,C081,P107,Backpack,Accessories,Rajshahi,Online,2,1917.43,0.15,3259.63,2277.99,981.64,0.3012
O0520,2026-02-16,C023,P110,Pen Set,Stationery,Khulna,Online,2,365.8,0,731.6,548.74,182.86,0.2499
O0521,2026-09-14,C111,P111,Desk Lamp,Accessories,Chattogram,Online,6,2287.29,0.05,13037.55,8708.63,4328.92,0.332
O0522,2025-05-30,C107,P103,Trousers,Apparel,Rajshahi,Retail,4,1588.79,0.15,5401.89,3543.94,1857.95,0.3439
O0523,2025-12-10,C065,P108,Laptop Stand,Accessories,Khulna,Retail,5,1517.33,0.15,6448.65,3863.62,2585.03,0.4009
O0524,2026-01-27,C104,P101,Shirt,Apparel,Chattogram,Online,5,765.93,0.15,3255.2,1973.86,1281.34,0.3936
O0525,2026-09-08,C049,P108,Laptop Stand,Accessories,Dhaka,Partner,7,1720.79,0.05,11443.25,7222.86,4220.39,0.3688
O0526,2025-02-25,C113,P104,Keyboard,Electronics,Chattogram,Online,2,2254.19,0.15,3832.12,2391.18,1440.94,0.376
O0527,2026-04-11,C098,P104,Keyboard,Electronics,Rajshahi,Online,2,2110.96,0.1,3799.73,2252.22,1547.51,0.4073
O0528,2025-09-03,C035,P109,Notebook,Stationery,Dhaka,Partner,2,176.84,0.15,300.63,203.81,96.82,0.3221
O0529,2026-04-13,C052,P111,Desk Lamp,Accessories,Rajshahi,Online,3,2340.32,0,7020.96,4575.32,2445.64,0.3483
O0530,2026-01-19,C110,P107,Backpack,Accessories,Chattogram,Retail,2,1839.26,0,3678.52,2557.97,1120.55,0.3046
O0531,2026-10-10,C056,P101,Shirt,Apparel,Dhaka,Retail,5,779.93,0,3899.65,2383.64,1516.01,0.3888
O0532,2025-05-14,C070,P104,Keyboard,Electronics,Chattogram,Retail,5,2140.65,0.15,9097.76,5407.17,3690.59,0.4057
O0533,2026-02-25,C119,P103,Trousers,Apparel,Chattogram,Retail,5,1485.95,0.05,7058.26,4407.66,2650.6,0.3755
O0534,2025-09-04,C058,P109,Notebook,Stationery,Chattogram,Partner,7,183.42,0.1,1155.55,707.54,448.01,0.3877
O0535,2026-08-22,C045,P110,Pen Set,Stationery,Chattogram,Partner,4,344.47,0.1,1240.09,825.22,414.87,0.3345
O0536,2025-05-02,C049,P101,Shirt,Apparel,Rajshahi,Online,4,841.46,0,3365.84,2091.37,1274.47,0.3786
O0537,2025-03-23,C068,P104,Keyboard,Electronics,Chattogram,Partner,2,2323.76,0.15,3950.39,2615.81,1334.58,0.3378
O0538,2026-11-06,C108,P102,Polo Shirt,Apparel,Chattogram,Retail,1,1037.54,0.05,985.66,588.08,397.58,0.4034
O0539,2025-02-14,C056,P112,Webcam,Electronics,Dhaka,Online,5,4002.38,0,20011.9,14403.15,5608.75,0.2803
O0540,2026-01-25,C013,P107,Backpack,Accessories,Dhaka,Online,1,1930.15,0,1930.15,1147.22,782.93,0.4056
O0541,2025-01-29,C064,P103,Trousers,Apparel,Khulna,Partner,1,1601.8,0,1601.8,1049.75,552.05,0.3446
O0542,2026-04-24,C030,P109,Notebook,Stationery,Khulna,Retail,6,171.0,0.15,872.1,592.14,279.96,0.321
O0543,2026-08-27,C086,P111,Desk Lamp,Accessories,Khulna,Online,5,2106.49,0,10532.45,6282.32,4250.13,0.4035
O0544,2026-10-03,C064,P102,Polo Shirt,Apparel,Khulna,Partner,2,1045.46,0.05,1986.37,1355.92,630.45,0.3174
O0545,2026-11-24,C076,P101,Shirt,Apparel,Rajshahi,Partner,5,765.29,0,3826.45,2310.88,1515.57,0.3961
O0546,2025-12-15,C077,P111,Desk Lamp,Accessories,Rajshahi,Retail,6,2121.12,0,12726.72,7752.41,4974.31,0.3909
O0547,2025-09-30,C016,P111,Desk Lamp,Accessories,Dhaka,Online,4,2321.66,0.05,8822.31,5274.27,3548.04,0.4022
O0548,2026-03-25,C073,P106,Headset,Electronics,Chattogram,Partner,2,3195.58,0,6391.16,3822.12,2569.04,0.402
O0549,2026-08-26,C076,P106,Headset,Electronics,Dhaka,Retail,3,3405.63,0.1,9195.2,6390.63,2804.57,0.305
O0550,2025-02-12,C003,P103,Trousers,Apparel,Dhaka,Partner,6,1518.4,0,9110.4,5288.65,3821.75,0.4195
O0551,2025-06-11,C002,P108,Laptop Stand,Accessories,Chattogram,Online,1,1554.34,0.15,1321.19,885.81,435.38,0.3295
O0552,2026-01-15,C104,P109,Notebook,Stationery,Chattogram,Partner,1,174.9,0.1,157.41,108.69,48.72,0.3095
O0553,2026-02-02,C043,P107,Backpack,Accessories,Rajshahi,Online,3,1855.13,0.1,5008.85,2943.9,2064.95,0.4123
O0554,2026-10-18,C019,P106,Headset,Electronics,Rajshahi,Partner,6,3407.72,0,20446.32,12274.29,8172.03,0.3997
O0555,2026-06-12,C011,P110,Pen Set,Stationery,Chattogram,Online,7,375.7,0.1,2366.91,1727.89,639.02,0.27
O0556,2026-02-11,C048,P111,Desk Lamp,Accessories,Khulna,Retail,3,2128.12,0.05,6065.14,4166.03,1899.11,0.3131
O0557,2026-03-10,C086,P108,Laptop Stand,Accessories,Dhaka,Online,1,1620.33,0.1,1458.3,979.4,478.9,0.3284
O0558,2026-09-07,C040,P107,Backpack,Accessories,Rajshahi,Online,2,1818.62,0.15,3091.65,2281.14,810.51,0.2622
O0559,2025-03-24,C065,P109,Notebook,Stationery,Rajshahi,Retail,5,176.4,0,882.0,634.68,247.32,0.2804
O0560,2026-10-29,C026,P107,Backpack,Accessories,Chattogram,Partner,3,1814.41,0,5443.23,4114.29,1328.94,0.2441
O0561,2025-08-02,C054,P108,Laptop Stand,Accessories,Chattogram,Partner,4,1673.29,0,6693.16,4082.33,2610.83,0.3901
O0562,2025-04-17,C094,P105,Monitor,Electronics,Dhaka,Online,1,13911.28,0.1,12520.15,7931.87,4588.28,0.3665
O0563,2026-10-04,C035,P110,Pen Set,Stationery,Chattogram,Online,7,373.81,0,2616.67,1973.33,643.34,0.2459
O0564,2025-04-28,C091,P112,Webcam,Electronics,Khulna,Online,1,4093.0,0.05,3888.35,2745.42,1142.93,0.2939
O0565,2026-08-08,C044,P105,Monitor,Electronics,Rajshahi,Retail,4,14442.2,0,57768.8,38153.63,19615.17,0.3395
O0566,2026-03-23,C056,P111,Desk Lamp,Accessories,Dhaka,Retail,6,2208.55,0,13251.3,8251.07,5000.23,0.3773
O0567,2025-07-12,C091,P111,Desk Lamp,Accessories,Dhaka,Retail,1,2358.08,0.05,2240.18,1353.61,886.57,0.3958
O0568,2026-11-12,C098,P103,Trousers,Apparel,Chattogram,Retail,7,1617.82,0,11324.74,7379.58,3945.16,0.3484
O0569,2026-07-09,C044,P104,Keyboard,Electronics,Dhaka,Retail,2,2178.32,0.15,3703.14,2764.6,938.54,0.2534
O0570,2025-05-27,C075,P106,Headset,Electronics,Khulna,Partner,7,3424.45,0,23971.15,14031.92,9939.23,0.4146
O0571,2026-04-17,C113,P106,Headset,Electronics,Chattogram,Online,3,3360.04,0,10080.12,5925.54,4154.58,0.4122
O0572,2025-09-05,C037,P111,Desk Lamp,Accessories,Dhaka,Partner,4,2213.36,0,8853.44,6155.13,2698.31,0.3048
O0573,2025-03-11,C080,P107,Backpack,Accessories,Rajshahi,Online,3,1720.67,0,5162.01,3572.06,1589.95,0.308
O0574,2026-02-27,C115,P104,Keyboard,Electronics,Rajshahi,Online,1,2108.01,0.05,2002.61,1308.73,693.88,0.3465
O0575,2025-09-12,C090,P112,Webcam,Electronics,Rajshahi,Partner,6,3912.76,0.05,22302.73,16273.33,6029.4,0.2703
O0576,2026-06-14,C077,P104,Keyboard,Electronics,Khulna,Online,7,2122.0,0.15,12625.9,7455.98,5169.92,0.4095
O0577,2025-10-26,C077,P105,Monitor,Electronics,Chattogram,Partner,2,13777.75,0.05,26177.72,18518.96,7658.76,0.2926
O0578,2026-07-28,C106,P104,Keyboard,Electronics,Rajshahi,Retail,5,2091.38,0,10456.9,7735.78,2721.12,0.2602
O0579,2026-03-04,C031,P104,Keyboard,Electronics,Chattogram,Online,4,2308.72,0,9234.88,6497.27,2737.61,0.2964
O0580,2025-10-19,C061,P102,Polo Shirt,Apparel,Chattogram,Online,6,1184.84,0.15,6042.68,3696.19,2346.49,0.3883
O0581,2025-05-01,C029,P104,Keyboard,Electronics,Chattogram,Retail,4,2205.3,0.1,7939.08,4762.42,3176.66,0.4001
O0582,2025-03-08,C072,P106,Headset,Electronics,Khulna,Online,7,3035.12,0,21245.84,12341.48,8904.36,0.4191
O0583,2026-08-11,C042,P107,Backpack,Accessories,Chattogram,Online,3,1704.72,0.15,4347.04,2961.95,1385.09,0.3186
O0584,2025-03-17,C050,P104,Keyboard,Electronics,Rajshahi,Partner,5,2368.63,0,11843.15,8376.18,3466.97,0.2927
O0585,2025-05-07,C093,P101,Shirt,Apparel,Rajshahi,Online,1,834.93,0.15,709.69,520.3,189.39,0.2669
O0586,2025-07-12,C115,P107,Backpack,Accessories,Khulna,Partner,7,1802.45,0,12617.15,9005.05,3612.1,0.2863
O0587,2026-07-24,C094,P109,Notebook,Stationery,Chattogram,Online,1,181.91,0.15,154.62,99.43,55.19,0.3569
O0588,2025-06-25,C059,P106,Headset,Electronics,Dhaka,Online,1,3352.0,0.1,3016.8,1944.74,1072.06,0.3554
O0589,2025-02-01,C086,P104,Keyboard,Electronics,Khulna,Retail,2,2336.61,0.1,4205.9,3052.3,1153.6,0.2743
O0590,2025-10-28,C076,P112,Webcam,Electronics,Dhaka,Online,1,4259.41,0,4259.41,3205.52,1053.89,0.2474
O0591,2026-05-18,C005,P107,Backpack,Accessories,Khulna,Partner,2,1741.96,0.1,3135.53,1852.95,1282.58,0.409
O0592,2026-11-19,C027,P108,Laptop Stand,Accessories,Khulna,Retail,4,1707.14,0,6828.56,5153.26,1675.3,0.2453
O0593,2026-10-11,C088,P103,Trousers,Apparel,Chattogram,Partner,7,1491.45,0.05,9918.14,6603.04,3315.1,0.3342
O0594,2026-07-05,C117,P107,Backpack,Accessories,Rajshahi,Retail,6,1937.43,0,11624.58,8587.19,3037.39,0.2613
O0595,2025-01-17,C060,P104,Keyboard,Electronics,Dhaka,Partner,1,2100.08,0,2100.08,1425.36,674.72,0.3213
O0596,2025-08-28,C029,P101,Shirt,Apparel,Dhaka,Retail,2,808.55,0.05,1536.24,993.06,543.18,0.3536
O0597,2025-09-29,C106,P104,Keyboard,Electronics,Chattogram,Online,3,2275.26,0.1,6143.2,4307.47,1835.73,0.2988
O0598,2025-07-31,C022,P104,Keyboard,Electronics,Dhaka,Retail,6,2079.9,0,12479.4,8331.35,4148.05,0.3324
O0599,2025-10-08,C030,P106,Headset,Electronics,Dhaka,Online,1,2981.0,0.15,2533.85,1898.76,635.09,0.2506
O0600,2025-09-08,C002,P111,Desk Lamp,Accessories,Khulna,Retail,4,2223.34,0.15,7559.36,5297.11,2262.25,0.2993
O0601,2025-01-12,C077,P108,Laptop Stand,Accessories,Chattogram,Partner,4,1493.19,0.05,5674.12,3852.35,1821.77,0.3211
O0602,2025-02-23,C025,P111,Desk Lamp,Accessories,Chattogram,Online,1,2088.76,0.1,1879.88,1398.75,481.13,0.2559
O0603,2026-12-30,C081,P105,Monitor,Electronics,Chattogram,Retail,6,14434.91,0.05,82278.99,50402.25,31876.74,0.3874
O0604,2025-10-22,C048,P102,Polo Shirt,Apparel,Khulna,Partner,4,1047.42,0.05,3980.2,2524.97,1455.23,0.3656
O0605,2026-08-07,C039,P106,Headset,Electronics,Dhaka,Retail,2,3087.63,0,6175.26,3630.15,2545.11,0.4121
O0606,2025-06-22,C017,P104,Keyboard,Electronics,Dhaka,Retail,2,2336.64,0.05,4439.62,2890.75,1548.87,0.3489
O0607,2026-12-06,C005,P106,Headset,Electronics,Rajshahi,Partner,7,3291.7,0.1,20737.71,14839.32,5898.39,0.2844
O0608,2025-05-12,C053,P103,Trousers,Apparel,Khulna,Retail,7,1441.9,0.1,9083.97,5926.85,3157.12,0.3475
O0609,2026-08-25,C004,P103,Trousers,Apparel,Rajshahi,Partner,2,1528.92,0.15,2599.16,1740.59,858.57,0.3303
O0610,2025-12-03,C040,P103,Trousers,Apparel,Chattogram,Online,1,1461.27,0.1,1315.14,840.24,474.9,0.3611
O0611,2026-03-01,C046,P101,Shirt,Apparel,Rajshahi,Online,7,851.0,0.1,5361.3,3629.82,1731.48,0.323
O0612,2025-02-26,C069,P107,Backpack,Accessories,Khulna,Retail,1,1925.64,0,1925.64,1190.3,735.34,0.3819
O0613,2026-08-12,C111,P108,Laptop Stand,Accessories,Khulna,Online,4,1716.2,0.05,6521.56,4899.09,1622.47,0.2488
O0614,2025-03-07,C099,P112,Webcam,Electronics,Khulna,Partner,4,4190.91,0.15,14249.09,9995.21,4253.88,0.2985
O0615,2026-10-15,C077,P112,Webcam,Electronics,Khulna,Retail,5,4107.22,0.1,18482.49,10954.07,7528.42,0.4073
O0616,2025-10-24,C022,P109,Notebook,Stationery,Dhaka,Online,1,175.41,0,175.41,124.95,50.46,0.2877
O0617,2026-02-16,C012,P102,Polo Shirt,Apparel,Dhaka,Retail,1,1045.85,0.15,888.97,537.73,351.24,0.3951
O0618,2026-02-04,C056,P108,Laptop Stand,Accessories,Dhaka,Retail,7,1635.75,0,11450.25,6780.85,4669.4,0.4078
O0619,2025-04-27,C019,P107,Backpack,Accessories,Dhaka,Retail,4,1730.88,0.05,6577.34,4459.53,2117.81,0.322
O0620,2026-02-20,C048,P101,Shirt,Apparel,Rajshahi,Partner,7,822.95,0,5760.65,3997.77,1762.88,0.306
O0621,2026-10-13,C004,P110,Pen Set,Stationery,Chattogram,Retail,6,329.12,0.05,1875.98,1302.87,573.11,0.3055
O0622,2026-12-10,C054,P106,Headset,Electronics,Khulna,Partner,5,3439.31,0.1,15476.9,11145.86,4331.04,0.2798
O0623,2026-05-09,C002,P112,Webcam,Electronics,Rajshahi,Retail,3,4412.34,0.15,11251.47,6534.1,4717.37,0.4193
O0624,2026-05-09,C099,P106,Headset,Electronics,Khulna,Partner,1,3080.7,0,3080.7,1948.73,1131.97,0.3674
O0625,2025-07-12,C014,P111,Desk Lamp,Accessories,Khulna,Partner,1,2314.96,0.15,1967.72,1372.28,595.44,0.3026
O0626,2026-07-13,C052,P106,Headset,Electronics,Dhaka,Online,6,3378.74,0.05,19258.82,14287.48,4971.34,0.2581
O0627,2025-10-22,C116,P105,Monitor,Electronics,Khulna,Online,7,14690.94,0,102836.58,60266.0,42570.58,0.414
O0628,2025-09-02,C003,P112,Webcam,Electronics,Rajshahi,Retail,5,4334.83,0.1,19506.74,13460.49,6046.25,0.31
O0629,2026-11-23,C088,P110,Pen Set,Stationery,Khulna,Retail,7,358.87,0,2512.09,1756.64,755.45,0.3007
O0630,2026-06-20,C077,P109,Notebook,Stationery,Rajshahi,Online,5,183.3,0.1,824.85,533.47,291.38,0.3533
O0631,2026-01-04,C016,P109,Notebook,Stationery,Chattogram,Online,1,184.54,0,184.54,111.93,72.61,0.3935
O0632,2026-12-24,C032,P101,Shirt,Apparel,Chattogram,Partner,7,816.07,0.05,5426.87,3758.07,1668.8,0.3075
O0633,2025-03-02,C091,P106,Headset,Electronics,Chattogram,Online,7,3118.65,0,21830.55,15114.81,6715.74,0.3076
O0634,2025-08-25,C063,P105,Monitor,Electronics,Chattogram,Partner,2,14751.06,0.15,25076.8,15317.5,9759.3,0.3892
O0635,2026-03-23,C008,P107,Backpack,Accessories,Khulna,Retail,2,1702.02,0.05,3233.84,2373.96,859.88,0.2659
O0636,2025-01-26,C117,P111,Desk Lamp,Accessories,Rajshahi,Partner,3,2317.9,0.05,6606.02,4513.62,2092.4,0.3167
O0637,2026-11-20,C070,P112,Webcam,Electronics,Dhaka,Online,1,3964.53,0.1,3568.08,2221.69,1346.39,0.3773
O0638,2025-12-17,C082,P105,Monitor,Electronics,Dhaka,Partner,5,15138.01,0.05,71905.55,54182.8,17722.75,0.2465
O0639,2025-04-24,C106,P101,Shirt,Apparel,Khulna,Retail,4,832.93,0.15,2831.96,1655.86,1176.1,0.4153
O0640,2026-03-14,C055,P102,Polo Shirt,Apparel,Dhaka,Retail,2,1072.37,0.1,1930.27,1455.71,474.56,0.2459
O0641,2025-08-03,C014,P111,Desk Lamp,Accessories,Khulna,Retail,6,2072.43,0.15,10569.39,7577.44,2991.95,0.2831
O0642,2025-05-08,C034,P109,Notebook,Stationery,Khulna,Partner,4,187.0,0.15,635.8,408.59,227.21,0.3574
O0643,2025-02-27,C103,P112,Webcam,Electronics,Chattogram,Partner,7,4358.61,0,30510.27,22715.16,7795.11,0.2555
O0644,2026-02-02,C058,P103,Trousers,Apparel,Khulna,Partner,2,1596.87,0.1,2874.37,1812.07,1062.3,0.3696
O0645,2025-12-10,C048,P110,Pen Set,Stationery,Khulna,Partner,6,358.66,0.15,1829.17,1109.95,719.22,0.3932
O0646,2026-01-30,C006,P112,Webcam,Electronics,Dhaka,Online,6,4165.82,0,24994.92,17455.85,7539.07,0.3016
O0647,2026-02-10,C065,P103,Trousers,Apparel,Khulna,Partner,2,1520.88,0,3041.76,1986.27,1055.49,0.347
O0648,2025-08-20,C087,P112,Webcam,Electronics,Rajshahi,Online,2,4178.37,0.05,7938.9,5002.83,2936.07,0.3698
O0649,2025-11-22,C003,P101,Shirt,Apparel,Khulna,Retail,1,825.53,0,825.53,527.23,298.3,0.3613
O0650,2026-04-08,C081,P103,Trousers,Apparel,Dhaka,Partner,5,1460.14,0,7300.7,5327.27,1973.43,0.2703
O0651,2025-10-14,C092,P103,Trousers,Apparel,Chattogram,Online,1,1522.04,0.1,1369.84,884.91,484.93,0.354
O0652,2025-07-18,C118,P107,Backpack,Accessories,Dhaka,Online,1,1687.43,0,1687.43,1121.56,565.87,0.3353
O0653,2026-10-30,C033,P106,Headset,Electronics,Dhaka,Partner,5,3096.36,0.1,13933.62,9583.03,4350.59,0.3122
O0654,2026-09-03,C081,P103,Trousers,Apparel,Chattogram,Online,7,1433.1,0.15,8526.94,6324.0,2202.94,0.2584
O0655,2025-05-22,C030,P106,Headset,Electronics,Khulna,Retail,6,3068.54,0,18411.24,13547.21,4864.03,0.2642
O0656,2026-01-26,C045,P104,Keyboard,Electronics,Dhaka,Retail,5,2189.25,0,10946.25,7978.46,2967.79,0.2711
O0657,2025-09-10,C108,P107,Backpack,Accessories,Rajshahi,Partner,7,1681.59,0.1,10594.02,7129.47,3464.55,0.327
O0658,2025-04-14,C095,P111,Desk Lamp,Accessories,Dhaka,Retail,3,2212.32,0.05,6305.11,4015.2,2289.91,0.3632
O0659,2025-06-05,C029,P110,Pen Set,Stationery,Khulna,Partner,6,375.72,0.1,2028.89,1525.22,503.67,0.2482
O0660,2025-05-04,C033,P101,Shirt,Apparel,Dhaka,Online,5,835.76,0,4178.8,3092.81,1085.99,0.2599
O0661,2025-09-27,C030,P104,Keyboard,Electronics,Khulna,Retail,2,2204.58,0,4409.16,3249.74,1159.42,0.263
O0662,2025-06-06,C023,P102,Polo Shirt,Apparel,Khulna,Retail,5,1184.39,0.05,5625.85,3407.15,2218.7,0.3944
O0663,2025-06-25,C029,P112,Webcam,Electronics,Khulna,Partner,4,4014.2,0.1,14451.12,10924.2,3526.92,0.2441
O0664,2025-10-24,C025,P111,Desk Lamp,Accessories,Rajshahi,Partner,4,2207.18,0.05,8387.28,5023.13,3364.15,0.4011
O0665,2026-07-10,C069,P102,Polo Shirt,Apparel,Chattogram,Online,3,1180.42,0.05,3364.2,2537.3,826.9,0.2458
O0666,2026-11-03,C024,P106,Headset,Electronics,Dhaka,Retail,3,3142.19,0,9426.57,5502.22,3924.35,0.4163
O0667,2026-11-17,C065,P101,Shirt,Apparel,Dhaka,Partner,2,781.97,0,1563.94,1131.65,432.29,0.2764
O0668,2026-06-16,C004,P103,Trousers,Apparel,Rajshahi,Retail,1,1411.86,0.15,1200.08,870.87,329.21,0.2743
O0669,2025-04-11,C068,P101,Shirt,Apparel,Rajshahi,Retail,1,815.22,0.05,774.46,529.74,244.72,0.316
O0670,2026-11-18,C113,P109,Notebook,Stationery,Rajshahi,Partner,3,182.15,0.05,519.13,347.71,171.42,0.3302
O0671,2025-07-08,C103,P109,Notebook,Stationery,Khulna,Online,7,171.72,0.05,1141.94,762.61,379.33,0.3322
O0672,2025-09-08,C100,P105,Monitor,Electronics,Chattogram,Partner,4,14177.45,0.05,53874.31,34386.7,19487.61,0.3617
O0673,2025-03-01,C104,P109,Notebook,Stationery,Rajshahi,Retail,4,187.85,0,751.4,520.41,230.99,0.3074
O0674,2026-03-26,C067,P106,Headset,Electronics,Chattogram,Online,2,3050.55,0.1,5490.99,3857.61,1633.38,0.2975
O0675,2026-07-05,C085,P103,Trousers,Apparel,Rajshahi,Retail,2,1606.96,0,3213.92,2289.32,924.6,0.2877
O0676,2026-07-04,C077,P108,Laptop Stand,Accessories,Chattogram,Retail,3,1617.94,0.05,4611.13,3013.76,1597.37,0.3464
O0677,2026-05-27,C113,P112,Webcam,Electronics,Chattogram,Retail,2,4382.78,0.15,7450.73,5224.01,2226.72,0.2989
O0678,2026-04-03,C090,P102,Polo Shirt,Apparel,Chattogram,Online,3,1059.08,0.15,2700.65,1723.95,976.7,0.3617
O0679,2026-11-17,C092,P101,Shirt,Apparel,Rajshahi,Retail,4,759.08,0.15,2580.87,1694.09,886.78,0.3436
O0680,2026-03-30,C030,P112,Webcam,Electronics,Rajshahi,Retail,4,4099.79,0,16399.16,12413.58,3985.58,0.243
O0681,2025-10-28,C109,P106,Headset,Electronics,Rajshahi,Partner,4,3205.73,0,12822.92,8754.55,4068.37,0.3173
O0682,2026-06-16,C119,P106,Headset,Electronics,Khulna,Retail,5,3365.34,0.05,15985.36,11992.4,3992.96,0.2498
O0683,2025-11-10,C065,P107,Backpack,Accessories,Chattogram,Partner,2,1891.85,0.15,3216.14,1893.72,1322.42,0.4112
O0684,2026-12-14,C033,P111,Desk Lamp,Accessories,Rajshahi,Retail,1,2112.45,0,2112.45,1297.33,815.12,0.3859
O0685,2025-06-07,C120,P102,Polo Shirt,Apparel,Chattogram,Online,1,1103.42,0.15,937.91,612.6,325.31,0.3468
O0686,2025-02-27,C015,P112,Webcam,Electronics,Khulna,Retail,4,4230.29,0.1,15229.04,8960.53,6268.51,0.4116
O0687,2025-06-25,C044,P107,Backpack,Accessories,Rajshahi,Retail,2,1819.09,0.05,3456.27,2572.81,883.46,0.2556
O0688,2026-04-29,C118,P103,Trousers,Apparel,Dhaka,Partner,5,1445.53,0.15,6143.5,4207.94,1935.56,0.3151
O0689,2025-06-27,C007,P105,Monitor,Electronics,Dhaka,Online,3,15631.95,0.15,39861.47,24994.98,14866.49,0.373
O0690,2025-09-12,C081,P105,Monitor,Electronics,Dhaka,Online,6,15068.24,0,90409.44,59693.96,30715.48,0.3397
O0691,2025-08-31,C025,P101,Shirt,Apparel,Rajshahi,Partner,3,800.6,0.15,2041.53,1464.48,577.05,0.2827
O0692,2026-07-27,C038,P105,Monitor,Electronics,Khulna,Retail,5,14299.88,0.15,60774.49,45560.25,15214.24,0.2503
O0693,2025-01-19,C014,P105,Monitor,Electronics,Dhaka,Retail,2,15538.29,0,31076.58,20201.62,10874.96,0.3499
O0694,2025-05-05,C079,P112,Webcam,Electronics,Chattogram,Online,6,4493.01,0.05,25610.16,18078.05,7532.11,0.2941
O0695,2026-06-11,C004,P109,Notebook,Stationery,Dhaka,Retail,6,180.02,0,1080.12,769.54,310.58,0.2875
O0696,2025-07-04,C067,P107,Backpack,Accessories,Khulna,Online,1,1739.92,0.15,1478.93,954.78,524.15,0.3544
O0697,2025-12-25,C089,P102,Polo Shirt,Apparel,Chattogram,Retail,6,1136.32,0.1,6136.13,3914.02,2222.11,0.3621
O0698,2026-09-20,C079,P102,Polo Shirt,Apparel,Khulna,Retail,5,1139.66,0,5698.3,4248.15,1450.15,0.2545
O0699,2025-10-27,C068,P101,Shirt,Apparel,Dhaka,Partner,7,851.94,0.15,5069.04,3410.99,1658.05,0.3271
O0700,2026-09-27,C100,P106,Headset,Electronics,Rajshahi,Retail,4,3101.28,0,12405.12,7388.21,5016.91,0.4044
O0701,2025-07-12,C105,P111,Desk Lamp,Accessories,Dhaka,Partner,4,2236.92,0,8947.68,5412.64,3535.04,0.3951
O0702,2026-01-14,C120,P102,Polo Shirt,Apparel,Dhaka,Partner,2,1031.23,0,2062.46,1441.73,620.73,0.301
O0703,2026-11-24,C108,P101,Shirt,Apparel,Dhaka,Retail,3,782.45,0.15,1995.25,1384.24,611.01,0.3062
O0704,2025-08-22,C006,P109,Notebook,Stationery,Dhaka,Retail,1,185.01,0,185.01,129.24,55.77,0.3014
O0705,2025-12-01,C076,P101,Shirt,Apparel,Dhaka,Retail,2,776.44,0,1552.88,1138.84,414.04,0.2666
O0706,2026-09-28,C044,P109,Notebook,Stationery,Chattogram,Partner,2,181.23,0.05,344.34,205.01,139.33,0.4046
O0707,2026-07-13,C025,P106,Headset,Electronics,Rajshahi,Retail,3,3123.94,0,9371.82,5979.19,3392.63,0.362
O0708,2025-10-29,C034,P108,Laptop Stand,Accessories,Khulna,Retail,4,1603.07,0.05,6091.67,4034.01,2057.66,0.3378
O0709,2025-12-05,C093,P112,Webcam,Electronics,Chattogram,Partner,5,4348.21,0.1,19566.94,12450.34,7116.6,0.3637
O0710,2025-10-27,C077,P109,Notebook,Stationery,Chattogram,Online,2,183.26,0,366.52,233.39,133.13,0.3632
O0711,2026-10-30,C063,P107,Backpack,Accessories,Dhaka,Partner,5,1741.41,0.1,7836.35,5796.62,2039.73,0.2603
O0712,2025-02-09,C101,P111,Desk Lamp,Accessories,Dhaka,Online,3,2140.47,0,6421.41,3730.6,2690.81,0.419
O0713,2025-06-03,C066,P109,Notebook,Stationery,Khulna,Online,5,174.29,0,871.45,524.21,347.24,0.3985
O0714,2025-08-05,C092,P102,Polo Shirt,Apparel,Rajshahi,Retail,1,1125.23,0.05,1068.97,718.04,350.93,0.3283
O0715,2026-10-20,C033,P101,Shirt,Apparel,Dhaka,Online,1,832.99,0.15,708.04,462.52,245.52,0.3468
O0716,2025-12-15,C005,P108,Laptop Stand,Accessories,Khulna,Online,6,1700.58,0.05,9693.31,5875.71,3817.6,0.3938
O0717,2025-11-27,C005,P105,Monitor,Electronics,Khulna,Partner,7,13597.59,0.05,90423.97,57636.11,32787.86,0.3626
O0718,2026-09-06,C025,P110,Pen Set,Stationery,Khulna,Retail,6,332.63,0.15,1696.41,1233.22,463.19,0.273
O0719,2025-07-05,C008,P107,Backpack,Accessories,Rajshahi,Partner,2,1904.72,0,3809.44,2882.68,926.76,0.2433
O0720,2025-01-16,C067,P108,Laptop Stand,Accessories,Dhaka,Retail,1,1491.56,0.05,1416.98,924.64,492.34,0.3475
