employee_id,department,job_role,location,hire_date,age,gender,monthly_salary,performance_rating,overtime,absence_days,left_company
E0001,Programs,Manager,Rajshahi,2023-09-07,44,Male,30987.22,4,No,15,1
E0002,IT,Specialist,Chattogram,2022-09-02,38,Male,100856.59,3,No,19,0
E0003,HR,Manager,Khulna,2023-07-09,57,Male,49275.84,5,Yes,12,1
E0004,Sales,Manager,Dhaka,2022-04-04,38,Male,65645.04,3,No,13,0
E0005,HR,Analyst,Dhaka,2025-03-07,57,Male,90411.55,4,No,6,0
E0006,HR,Coordinator,Rajshahi,2024-04-22,31,Female,60105.53,3,No,7,0
E0007,HR,Manager,Chattogram,2022-02-23,26,Male,50795.5,4,No,1,0
E0008,HR,Analyst,Khulna,2020-06-18,35,Female,27692.57,5,No,11,0
E0009,Programs,Coordinator,Rajshahi,2020-07-18,29,Male,106296.14,5,Yes,3,0
E0010,IT,Manager,Chattogram,2018-06-06,28,Female,44335.76,3,No,3,1
E0011,Finance,Analyst,Rajshahi,2023-07-27,42,Male,100600.62,2,No,9,0
E0012,HR,Analyst,Rajshahi,2024-04-07,27,Male,119333.51,3,No,15,0
E0013,IT,Specialist,Chattogram,2021-10-12,36,Female,111971.26,2,No,8,0
E0014,Finance,Analyst,Khulna,2022-09-03,40,Female,55214.16,5,No,14,0
E0015,HR,Coordinator,Rajshahi,2021-03-30,34,Male,80455.79,5,No,4,0
E0016,IT,Analyst,Dhaka,2018-06-11,58,Male,73147.41,3,Yes,5,0
E0017,HR,Coordinator,Rajshahi,2020-10-09,21,Male,55844.78,5,No,3,0
E0018,Programs,Coordinator,Chattogram,2019-01-06,30,Male,62735.63,3,No,7,0
E0019,Finance,Manager,Dhaka,2019-12-17,25,Female,104420.06,4,No,19,1
E0020,Sales,Coordinator,Khulna,2018-10-01,43,Female,100035.06,3,No,1,0
E0021,Finance,Manager,Rajshahi,2022-07-07,51,Female,46632.32,5,No,0,0
E0022,Operations,Specialist,Dhaka,2021-12-25,56,Male,72804.6,5,No,7,0
E0023,HR,Analyst,Dhaka,2019-02-15,39,Female,27221.63,2,Yes,1,0
E0024,HR,Specialist,Rajshahi,2018-04-06,30,Female,71997.41,4,No,13,0
E0025,Sales,Officer,Rajshahi,2024-10-24,44,Female,36825.09,3,Yes,20,0
E0026,Finance,Coordinator,Dhaka,2019-09-08,44,Male,33668.81,3,No,3,0
E0027,Sales,Analyst,Khulna,2019-12-30,28,Female,113588.49,3,Yes,7,0
E0028,Operations,Manager,Chattogram,2021-11-15,21,Female,112025.76,5,No,17,0
E0029,Programs,Analyst,Khulna,2019-09-15,24,Female,56681.64,4,Yes,9,1
E0030,Finance,Officer,Chattogram,2019-01-01,48,Male,86492.02,2,Yes,21,0
E0031,IT,Officer,Rajshahi,2025-06-25,48,Female,70833.53,4,No,4,0
E0032,IT,Specialist,Dhaka,2020-08-05,33,Male,112369.87,4,No,5,0
E0033,Operations,Manager,Khulna,2023-12-17,55,Male,56056.4,2,Yes,6,0
E0034,Programs,Specialist,Khulna,2023-01-19,23,Female,79276.87,3,Yes,20,1
E0035,Programs,Coordinator,Dhaka,2023-12-23,51,Female,56532.37,4,No,5,0
E0036,Finance,Specialist,Dhaka,2024-04-29,52,Male,33591.39,3,Yes,8,0
E0037,IT,Coordinator,Khulna,2024-06-13,56,Male,23516.94,3,No,2,0
E0038,Operations,Manager,Khulna,2019-11-14,26,Female,57849.5,4,Yes,15,0
E0039,IT,Manager,Dhaka,2025-07-17,31,Male,75820.76,3,No,21,0
E0040,Operations,Manager,Chattogram,2020-05-13,23,Male,33350.69,5,No,2,0
E0041,Operations,Analyst,Khulna,2025-07-16,56,Male,72061.89,3,No,20,0
E0042,Finance,Analyst,Dhaka,2023-07-17,47,Male,85545.91,4,No,11,0
E0043,Operations,Manager,Khulna,2021-03-27,48,Male,36973.48,5,Yes,14,1
E0044,Operations,Analyst,Khulna,2025-06-21,58,Male,55931.94,2,No,10,0
E0045,Sales,Manager,Chattogram,2018-10-31,44,Female,71609.83,3,No,19,0
E0046,Programs,Analyst,Chattogram,2018-01-02,49,Male,86979.62,3,Yes,6,0
E0047,Sales,Officer,Rajshahi,2022-12-14,45,Female,77505.89,3,No,10,0
E0048,Finance,Manager,Dhaka,2023-11-03,41,Female,71831.85,5,Yes,6,0
E0049,HR,Officer,Khulna,2024-03-21,23,Male,69898.4,5,No,3,0
E0050,Operations,Officer,Dhaka,2019-09-27,35,Female,92091.07,4,No,20,0
E0051,Programs,Analyst,Dhaka,2025-08-18,55,Female,91685.47,5,No,16,0
E0052,IT,Analyst,Khulna,2020-05-28,56,Female,71984.29,2,Yes,9,0
E0053,Sales,Analyst,Dhaka,2021-07-31,23,Female,39627.55,2,Yes,18,0
E0054,Programs,Manager,Rajshahi,2018-12-03,27,Female,91243.52,5,No,18,0
E0055,Sales,Officer,Dhaka,2024-12-07,41,Male,99726.64,4,No,12,0
E0056,Operations,Specialist,Khulna,2020-12-18,57,Male,105532.31,2,No,1,0
E0057,Sales,Specialist,Rajshahi,2025-02-15,21,Male,69079.82,4,Yes,16,0
E0058,IT,Specialist,Rajshahi,2019-09-02,34,Female,81491.31,3,No,7,0
E0059,Finance,Specialist,Chattogram,2020-08-17,27,Male,27772.67,4,No,20,0
E0060,Finance,Officer,Chattogram,2020-05-12,21,Female,32781.69,4,Yes,7,0
E0061,IT,Officer,Rajshahi,2022-06-03,39,Male,98897.51,2,No,15,0
E0062,HR,Coordinator,Khulna,2024-01-19,21,Male,84542.94,2,Yes,12,0
E0063,Programs,Analyst,Dhaka,2018-11-19,54,Female,85189.47,5,No,2,0
E0064,HR,Officer,Khulna,2021-02-11,22,Female,38173.68,4,No,3,1
E0065,Finance,Analyst,Khulna,2020-08-10,27,Male,49465.51,2,No,9,0
E0066,Operations,Coordinator,Rajshahi,2023-02-16,36,Female,108958.63,2,No,12,0
E0067,Finance,Specialist,Dhaka,2021-07-27,50,Male,115126.34,3,No,2,0
E0068,HR,Officer,Dhaka,2023-05-05,48,Female,82618.75,2,No,14,0
E0069,Operations,Specialist,Rajshahi,2022-06-04,38,Female,23773.65,3,No,16,0
E0070,Programs,Officer,Chattogram,2021-07-24,38,Male,35284.6,4,Yes,3,0
E0071,Operations,Coordinator,Khulna,2018-02-16,22,Female,109375.62,3,No,11,0
E0072,Programs,Manager,Chattogram,2019-02-14,57,Female,61447.35,5,No,21,0
E0073,HR,Coordinator,Chattogram,2018-11-13,57,Female,61076.79,4,Yes,2,0
E0074,Sales,Officer,Dhaka,2021-11-16,22,Female,118739.05,3,No,15,0
E0075,Programs,Analyst,Dhaka,2025-02-03,36,Male,55792.55,4,Yes,20,0
E0076,Programs,Analyst,Rajshahi,2019-05-23,51,Female,104739.09,2,No,11,0
E0077,HR,Manager,Rajshahi,2023-05-29,35,Male,85099.61,3,No,13,0
E0078,IT,Manager,Khulna,2018-05-30,48,Female,61887.24,3,Yes,1,0
E0079,Operations,Coordinator,Khulna,2021-08-15,51,Female,49057.64,4,Yes,16,0
E0080,Programs,Specialist,Rajshahi,2019-06-27,53,Female,98554.81,2,Yes,6,0
E0081,Programs,Analyst,Chattogram,2025-04-14,44,Female,76999.07,5,No,19,0
E0082,IT,Analyst,Chattogram,2018-02-03,50,Female,90357.31,3,No,21,0
E0083,IT,Officer,Dhaka,2023-12-20,46,Female,59669.77,4,No,4,0
E0084,HR,Manager,Dhaka,2025-05-06,45,Female,108070.94,4,Yes,16,0
E0085,Finance,Coordinator,Dhaka,2019-09-15,25,Male,49281.59,3,No,3,0
E0086,Programs,Officer,Rajshahi,2024-03-10,57,Male,90256.6,4,No,6,0
E0087,HR,Analyst,Rajshahi,2023-03-01,46,Male,86716.62,4,No,18,0
E0088,HR,Officer,Rajshahi,2019-03-11,35,Male,103260.3,4,No,7,0
E0089,Sales,Specialist,Chattogram,2020-04-10,27,Female,52483.95,4,Yes,6,0
E0090,Programs,Analyst,Dhaka,2021-05-08,32,Male,36528.37,3,No,4,0
E0091,Operations,Analyst,Chattogram,2022-03-03,37,Male,33867.43,2,No,20,1
E0092,IT,Officer,Chattogram,2019-08-21,42,Male,41008.85,4,Yes,21,0
E0093,Finance,Specialist,Rajshahi,2025-08-30,57,Female,65998.72,5,Yes,21,0
E0094,Sales,Specialist,Khulna,2023-07-02,55,Male,54871.34,3,Yes,4,0
E0095,Programs,Specialist,Rajshahi,2024-12-21,49,Male,23847.09,3,Yes,15,0
E0096,Programs,Specialist,Rajshahi,2018-08-25,25,Male,73736.09,5,Yes,4,0
E0097,Programs,Specialist,Dhaka,2020-11-09,55,Male,97172.6,3,No,4,0
E0098,Programs,Officer,Khulna,2020-10-08,24,Male,61508.56,3,No,5,0
E0099,HR,Officer,Dhaka,2018-12-14,38,Female,106863.97,4,No,9,1
E0100,Sales,Officer,Chattogram,2019-04-21,44,Female,58886.77,3,No,2,0
E0101,HR,Analyst,Rajshahi,2020-10-17,57,Female,53291.08,4,Yes,18,0
E0102,IT,Specialist,Rajshahi,2022-08-26,47,Female,106790.85,5,Yes,1,0
E0103,Sales,Analyst,Rajshahi,2022-08-07,45,Male,44600.63,5,No,3,1
E0104,Operations,Manager,Rajshahi,2024-03-29,37,Female,101460.81,3,No,4,0
E0105,IT,Coordinator,Rajshahi,2022-09-20,30,Female,47793.1,2,No,4,0
E0106,Operations,Coordinator,Dhaka,2021-11-21,26,Male,79559.83,3,Yes,10,0
E0107,Sales,Specialist,Khulna,2020-05-25,30,Female,22835.23,3,No,7,0
E0108,IT,Coordinator,Dhaka,2023-07-22,40,Female,40550.2,3,No,2,0
E0109,IT,Specialist,Chattogram,2024-12-27,40,Male,89346.63,4,No,5,0
E0110,HR,Officer,Chattogram,2019-11-07,42,Male,69724.65,4,No,17,0
E0111,HR,Officer,Dhaka,2022-01-14,44,Female,106732.8,5,Yes,0,0
E0112,IT,Specialist,Khulna,2020-08-20,49,Female,58280.81,5,No,16,1
E0113,Programs,Analyst,Khulna,2020-12-12,56,Female,88258.14,4,No,21,0
E0114,Programs,Officer,Chattogram,2024-01-30,22,Male,79881.19,5,No,7,0
E0115,Sales,Analyst,Khulna,2018-05-14,58,Female,119042.63,2,Yes,20,0
E0116,Programs,Specialist,Rajshahi,2019-03-11,51,Male,117773.45,4,No,3,0
E0117,Programs,Coordinator,Khulna,2022-03-09,38,Male,66286.04,3,No,21,0
E0118,Operations,Manager,Dhaka,2019-08-19,27,Female,44518.45,3,No,3,0
E0119,Programs,Analyst,Dhaka,2019-09-26,47,Male,60457.05,2,Yes,20,0
E0120,Programs,Analyst,Khulna,2022-10-23,29,Female,22906.26,5,No,7,0
E0121,Sales,Coordinator,Dhaka,2018-11-05,44,Female,41406.86,3,Yes,20,0
E0122,Sales,Specialist,Chattogram,2019-12-23,45,Female,63695.71,4,Yes,3,0
E0123,Sales,Officer,Rajshahi,2021-10-29,42,Male,44449.26,3,Yes,18,0
E0124,Sales,Analyst,Rajshahi,2020-01-20,57,Female,60085.99,3,Yes,8,0
E0125,IT,Coordinator,Rajshahi,2024-03-26,23,Male,106569.96,3,Yes,10,0
E0126,HR,Analyst,Rajshahi,2023-06-03,48,Male,50921.6,4,No,16,0
E0127,IT,Specialist,Khulna,2023-04-01,51,Male,32767.36,4,No,18,0
E0128,Sales,Officer,Rajshahi,2021-06-24,58,Male,95463.02,5,Yes,1,0
E0129,Finance,Coordinator,Chattogram,2020-12-14,54,Male,77459.05,3,No,15,0
E0130,Sales,Officer,Dhaka,2021-07-22,21,Male,52889.14,4,No,19,0
E0131,Operations,Coordinator,Dhaka,2020-06-28,40,Male,79977.52,4,Yes,9,0
E0132,IT,Analyst,Rajshahi,2025-06-04,31,Female,34466.61,3,Yes,3,0
E0133,Finance,Coordinator,Chattogram,2020-07-26,21,Female,54584.59,3,No,21,0
E0134,Sales,Analyst,Dhaka,2020-07-10,36,Male,43586.54,3,Yes,13,0
E0135,Operations,Analyst,Khulna,2019-01-17,21,Female,34944.63,3,No,7,0
E0136,Programs,Analyst,Rajshahi,2018-02-26,42,Female,78214.46,3,No,20,0
E0137,IT,Coordinator,Dhaka,2023-08-24,22,Male,43941.32,3,No,12,0
E0138,Finance,Analyst,Rajshahi,2018-08-05,28,Male,94233.29,5,Yes,10,1
E0139,Finance,Analyst,Dhaka,2018-02-18,32,Female,79273.91,3,No,7,1
E0140,HR,Manager,Dhaka,2023-10-08,49,Female,109302.32,2,No,18,0
E0141,Operations,Officer,Khulna,2019-08-23,30,Male,64294.87,4,Yes,3,1
E0142,Sales,Officer,Khulna,2025-02-07,39,Male,118675.94,3,Yes,20,1
E0143,HR,Officer,Dhaka,2022-05-09,32,Male,55598.82,3,No,17,0
E0144,HR,Officer,Khulna,2024-11-16,48,Male,53485.07,3,No,4,0
E0145,Operations,Manager,Dhaka,2020-10-02,24,Male,68712.59,3,Yes,13,0
E0146,IT,Specialist,Dhaka,2024-04-30,37,Female,70947.18,3,No,2,0
E0147,Sales,Officer,Chattogram,2019-11-30,36,Male,74901.38,4,No,1,0
E0148,HR,Specialist,Rajshahi,2023-03-07,39,Female,25471.25,2,No,6,0
E0149,Operations,Analyst,Khulna,2019-09-02,34,Male,50742.33,2,No,12,0
E0150,IT,Specialist,Dhaka,2019-01-01,33,Female,62875.36,2,No,4,0
E0151,Operations,Officer,Rajshahi,2019-10-07,43,Female,83562.31,4,Yes,0,0
E0152,IT,Officer,Khulna,2023-11-10,42,Female,79430.12,3,Yes,8,0
E0153,Programs,Analyst,Khulna,2021-08-16,28,Male,118688.06,4,No,9,0
E0154,Finance,Specialist,Chattogram,2020-09-19,55,Female,33792.94,3,No,16,0
E0155,Operations,Specialist,Khulna,2024-07-09,29,Female,53082.27,2,No,20,0
E0156,Finance,Analyst,Dhaka,2025-02-19,37,Male,50935.06,3,No,16,0
E0157,Sales,Officer,Dhaka,2019-08-20,25,Female,79511.48,2,Yes,14,0
E0158,IT,Manager,Khulna,2022-09-13,57,Male,56199.63,5,No,2,0
E0159,Finance,Coordinator,Chattogram,2025-03-17,58,Female,31259.49,3,Yes,13,0
E0160,HR,Coordinator,Khulna,2024-03-19,53,Male,84379.09,3,No,2,0
E0161,Sales,Manager,Chattogram,2018-09-18,29,Female,83053.88,4,No,11,0
E0162,Programs,Manager,Rajshahi,2019-08-12,42,Female,32701.91,4,Yes,15,1
E0163,HR,Specialist,Dhaka,2020-04-24,42,Male,95040.3,4,No,18,0
E0164,HR,Analyst,Rajshahi,2021-12-23,35,Male,35859.03,2,No,1,1
E0165,IT,Officer,Khulna,2018-05-12,54,Male,63388.57,5,No,17,0
E0166,Operations,Analyst,Dhaka,2020-03-25,30,Male,84993.71,4,No,13,0
E0167,IT,Officer,Chattogram,2021-01-20,23,Female,45167.28,4,No,6,1
E0168,Sales,Manager,Dhaka,2018-01-03,48,Female,87085.72,3,Yes,11,1
E0169,Operations,Manager,Chattogram,2024-09-23,44,Female,69438.49,3,Yes,2,0
E0170,Finance,Specialist,Chattogram,2025-04-19,30,Male,117666.91,3,Yes,19,0
E0171,Operations,Specialist,Dhaka,2024-08-15,36,Male,35538.03,4,No,5,1
E0172,Operations,Manager,Dhaka,2023-06-09,54,Female,77233.14,3,Yes,14,0
E0173,HR,Manager,Chattogram,2023-12-16,41,Female,118939.99,5,Yes,4,0
E0174,Finance,Coordinator,Khulna,2025-05-30,28,Male,119606.13,3,No,19,0
E0175,HR,Manager,Dhaka,2024-07-20,35,Female,54842.57,5,No,7,0
E0176,Finance,Analyst,Chattogram,2024-12-22,41,Female,59985.92,5,Yes,4,1
E0177,HR,Analyst,Chattogram,2021-10-03,35,Male,113613.43,2,Yes,5,0
E0178,HR,Coordinator,Chattogram,2019-03-10,51,Female,53709.22,3,No,10,0
E0179,Programs,Coordinator,Rajshahi,2022-09-09,26,Male,36534.29,3,No,16,0
E0180,Sales,Coordinator,Khulna,2018-01-24,44,Female,116722.81,4,No,16,0
E0181,IT,Manager,Dhaka,2021-08-30,34,Male,64488.07,3,Yes,19,0
E0182,Sales,Coordinator,Chattogram,2020-01-29,46,Male,38229.68,2,Yes,4,1
E0183,Programs,Analyst,Rajshahi,2024-04-21,35,Female,80761.72,4,No,9,0
E0184,Programs,Coordinator,Rajshahi,2021-08-17,22,Male,85984.53,3,Yes,16,0
E0185,Operations,Coordinator,Chattogram,2022-06-03,52,Female,97907.35,3,No,0,0
E0186,Sales,Specialist,Rajshahi,2019-02-05,38,Female,46048.07,4,No,3,0
E0187,IT,Manager,Dhaka,2021-07-19,33,Male,116921.22,4,No,10,0
E0188,HR,Specialist,Khulna,2024-06-20,40,Male,57109.57,5,No,7,0
E0189,Operations,Officer,Khulna,2021-09-23,49,Male,43440.62,4,No,7,0
E0190,Operations,Coordinator,Chattogram,2019-12-28,46,Female,117312.36,3,Yes,19,0
E0191,HR,Manager,Rajshahi,2021-02-06,40,Female,118540.43,2,No,6,0
E0192,HR,Analyst,Rajshahi,2024-05-17,41,Male,102216.45,5,No,19,0
E0193,IT,Coordinator,Dhaka,2018-02-13,41,Female,89619.8,5,No,5,0
E0194,Finance,Analyst,Dhaka,2018-12-01,45,Male,100622.8,3,No,9,0
E0195,Operations,Specialist,Khulna,2019-11-26,40,Male,24146.6,3,No,0,0
E0196,Programs,Officer,Khulna,2018-11-15,41,Female,66151.99,3,No,21,0
E0197,Finance,Specialist,Rajshahi,2023-09-01,45,Female,67175.95,3,No,4,0
E0198,HR,Officer,Chattogram,2018-03-04,36,Male,42099.89,4,No,18,0
E0199,Sales,Analyst,Dhaka,2025-06-30,45,Male,27541.18,5,No,7,0
E0200,HR,Officer,Khulna,2024-01-23,45,Female,91853.26,5,No,14,0
E0201,IT,Officer,Rajshahi,2021-07-02,31,Female,22072.15,3,No,18,1
E0202,IT,Coordinator,Dhaka,2024-05-31,42,Male,88721.61,2,Yes,17,0
E0203,HR,Officer,Khulna,2018-12-28,34,Male,67014.0,3,No,4,0
E0204,Finance,Manager,Chattogram,2022-09-22,25,Female,113333.85,2,No,10,0
E0205,HR,Coordinator,Rajshahi,2024-12-20,57,Female,118144.11,5,No,20,0
E0206,IT,Manager,Rajshahi,2019-10-19,52,Male,29258.82,4,Yes,0,1
E0207,IT,Manager,Dhaka,2020-05-16,36,Female,110030.71,3,Yes,12,1
E0208,Sales,Analyst,Dhaka,2023-10-29,31,Male,106249.58,3,Yes,19,0
E0209,Programs,Officer,Chattogram,2020-01-16,30,Female,87977.14,3,Yes,16,0
E0210,HR,Manager,Rajshahi,2021-09-21,54,Male,71440.08,3,No,18,0
E0211,Sales,Analyst,Chattogram,2018-02-27,37,Male,92728.76,4,No,21,0
E0212,Sales,Officer,Dhaka,2021-05-17,51,Female,103882.36,3,No,0,0
E0213,Finance,Manager,Chattogram,2021-07-02,38,Female,98640.61,3,No,18,0
E0214,IT,Officer,Dhaka,2018-10-03,46,Male,105203.29,3,No,2,0
E0215,Operations,Manager,Dhaka,2019-08-18,51,Female,110046.79,3,No,1,0
E0216,IT,Analyst,Rajshahi,2025-03-24,39,Female,79477.57,2,Yes,11,0
E0217,Operations,Manager,Rajshahi,2021-08-31,47,Male,72287.42,3,Yes,13,0
E0218,Programs,Specialist,Dhaka,2018-07-29,29,Female,91246.84,4,No,1,0
E0219,Finance,Specialist,Rajshahi,2019-06-18,35,Female,67327.48,5,No,13,1
E0220,IT,Officer,Chattogram,2022-06-18,54,Female,65035.1,4,No,12,0
E0221,Finance,Specialist,Chattogram,2020-12-21,24,Female,69792.53,4,No,17,0
E0222,HR,Manager,Chattogram,2020-02-07,51,Female,67544.55,3,No,21,0
E0223,Programs,Specialist,Dhaka,2020-03-10,42,Male,39771.78,3,No,5,0
E0224,Finance,Manager,Chattogram,2018-01-30,53,Female,78006.43,2,No,11,0
E0225,IT,Specialist,Rajshahi,2019-07-03,50,Female,33969.13,3,No,17,0
E0226,Programs,Manager,Chattogram,2021-04-16,44,Female,53401.26,4,Yes,8,0
E0227,HR,Coordinator,Chattogram,2019-11-26,28,Male,42365.71,2,No,21,1
E0228,HR,Coordinator,Dhaka,2020-11-10,40,Female,102448.69,2,Yes,16,0
E0229,IT,Analyst,Dhaka,2023-03-15,33,Female,78904.37,3,No,16,1
E0230,IT,Specialist,Dhaka,2022-07-03,32,Female,34436.33,2,Yes,6,0
E0231,Sales,Analyst,Chattogram,2025-07-18,32,Female,92406.23,3,No,3,0
E0232,Finance,Manager,Khulna,2022-07-15,36,Female,71957.88,3,Yes,21,0
E0233,Programs,Officer,Khulna,2025-01-31,45,Female,91268.0,3,Yes,1,0
E0234,Sales,Coordinator,Rajshahi,2019-09-13,35,Male,109884.05,5,Yes,19,0
E0235,Operations,Analyst,Khulna,2025-03-02,48,Male,58589.06,3,Yes,1,0
E0236,Operations,Analyst,Khulna,2023-02-14,52,Female,25502.58,4,No,6,0
E0237,Sales,Analyst,Dhaka,2025-04-18,24,Female,85769.81,4,No,13,0
E0238,Finance,Manager,Chattogram,2025-08-23,24,Male,42688.04,3,No,10,0
E0239,IT,Specialist,Dhaka,2018-08-20,46,Female,119410.42,2,No,19,1
E0240,HR,Officer,Khulna,2025-06-07,27,Female,87762.85,3,No,5,0
E0241,Finance,Specialist,Dhaka,2024-08-29,26,Male,56356.61,3,Yes,8,0
E0242,Sales,Specialist,Khulna,2024-03-02,52,Female,78417.85,3,No,20,1
E0243,Operations,Manager,Dhaka,2019-03-05,32,Male,48965.27,3,No,16,0
E0244,Finance,Officer,Khulna,2018-06-14,56,Female,68264.29,3,Yes,18,0
E0245,Finance,Analyst,Rajshahi,2023-09-04,45,Female,37941.45,4,No,19,0
E0246,Finance,Coordinator,Chattogram,2020-08-31,23,Male,71233.73,2,No,12,0
E0247,Sales,Manager,Rajshahi,2022-03-16,44,Male,110546.07,3,No,9,0
E0248,Programs,Manager,Khulna,2019-03-22,31,Male,74510.47,4,No,21,0
E0249,Operations,Specialist,Rajshahi,2022-03-21,54,Female,54086.01,3,No,6,1
E0250,Operations,Officer,Rajshahi,2024-09-19,27,Male,83099.72,5,No,10,0
E0251,HR,Manager,Khulna,2019-12-27,39,Male,26194.93,3,Yes,20,0
E0252,Programs,Manager,Khulna,2022-01-23,51,Female,84532.51,3,No,2,0
E0253,HR,Specialist,Rajshahi,2020-11-23,37,Male,47411.7,4,Yes,21,0
E0254,Sales,Officer,Dhaka,2018-04-11,43,Female,69853.59,5,Yes,0,0
E0255,HR,Officer,Khulna,2018-09-16,40,Female,25527.2,5,No,3,0
E0256,IT,Officer,Chattogram,2019-05-19,50,Male,99782.86,3,No,12,0
E0257,HR,Manager,Rajshahi,2022-11-10,25,Male,111257.67,5,No,13,0
E0258,Sales,Specialist,Chattogram,2025-07-03,57,Female,109071.06,3,No,0,0
E0259,Programs,Manager,Chattogram,2018-12-29,53,Female,54224.36,4,No,11,0
E0260,Operations,Specialist,Dhaka,2021-01-16,29,Female,95790.93,4,No,6,0
E0261,HR,Coordinator,Rajshahi,2021-01-31,22,Male,70689.62,3,Yes,16,0
E0262,Finance,Officer,Rajshahi,2018-06-19,36,Male,52557.89,3,No,2,0
E0263,Programs,Officer,Chattogram,2020-03-06,45,Female,88053.22,5,No,4,0
E0264,Operations,Specialist,Dhaka,2021-02-06,57,Male,27811.49,2,No,16,1
E0265,Sales,Coordinator,Dhaka,2018-06-08,35,Male,57043.48,4,Yes,5,0
E0266,Sales,Coordinator,Rajshahi,2025-07-12,56,Female,74693.97,3,No,2,0
E0267,Operations,Analyst,Dhaka,2018-11-24,24,Male,101939.01,3,No,0,0
E0268,Finance,Coordinator,Dhaka,2024-08-02,44,Male,29076.01,4,No,2,0
E0269,Operations,Specialist,Khulna,2025-05-22,31,Male,75042.55,3,No,0,0
E0270,Finance,Coordinator,Dhaka,2019-05-26,37,Female,70838.57,3,No,11,1
E0271,Finance,Specialist,Dhaka,2021-12-29,58,Female,50432.0,4,No,21,1
E0272,Operations,Officer,Dhaka,2019-10-22,50,Male,87880.03,4,Yes,6,0
E0273,Programs,Manager,Chattogram,2025-04-17,22,Male,116689.09,2,No,4,1
E0274,HR,Officer,Khulna,2020-07-29,49,Male,104694.32,3,Yes,9,0
E0275,HR,Manager,Dhaka,2023-06-27,47,Female,23310.92,3,No,20,0
E0276,Operations,Coordinator,Dhaka,2024-01-08,54,Male,92600.27,4,Yes,18,0
E0277,Finance,Officer,Dhaka,2020-07-18,41,Male,41415.05,3,Yes,18,0
E0278,Operations,Analyst,Rajshahi,2018-01-30,37,Male,88402.88,3,Yes,7,0
E0279,IT,Specialist,Chattogram,2020-02-08,34,Male,46861.16,4,No,18,1
E0280,Operations,Manager,Chattogram,2023-04-21,34,Male,46351.35,2,No,16,0
E0281,Operations,Coordinator,Khulna,2023-06-18,53,Female,60422.28,3,Yes,2,0
E0282,Finance,Coordinator,Khulna,2020-03-19,50,Male,55996.97,2,No,16,1
E0283,Finance,Coordinator,Khulna,2020-05-22,22,Male,105631.66,3,Yes,16,1
E0284,Operations,Coordinator,Khulna,2024-02-11,27,Male,30864.28,3,Yes,5,0
E0285,IT,Officer,Chattogram,2023-09-18,40,Female,115190.44,3,No,17,0
E0286,HR,Specialist,Chattogram,2022-02-15,40,Female,70978.99,4,No,6,0
E0287,Operations,Coordinator,Chattogram,2024-04-13,36,Male,22067.02,4,Yes,5,0
E0288,IT,Manager,Dhaka,2024-03-28,37,Male,99610.11,3,Yes,6,0
E0289,IT,Manager,Dhaka,2019-05-23,49,Female,107070.27,5,No,21,0
E0290,HR,Specialist,Chattogram,2022-08-21,58,Male,95468.03,3,Yes,6,0
E0291,Programs,Analyst,Dhaka,2022-10-21,24,Male,83026.95,5,No,15,0
E0292,Programs,Manager,Khulna,2023-06-20,54,Male,82281.14,2,Yes,2,0
E0293,Sales,Manager,Rajshahi,2024-09-03,53,Female,59439.37,3,No,1,0
E0294,Programs,Analyst,Khulna,2018-12-30,25,Male,98897.25,4,Yes,10,0
E0295,Finance,Officer,Chattogram,2019-02-18,43,Male,46061.33,3,No,1,1
E0296,HR,Analyst,Rajshahi,2020-08-16,43,Male,30633.67,5,Yes,8,0
E0297,Finance,Officer,Rajshahi,2020-08-26,23,Female,100744.93,3,No,17,0
E0298,Sales,Analyst,Chattogram,2022-12-07,45,Male,45944.72,2,No,12,0
E0299,HR,Analyst,Khulna,2022-10-29,37,Male,56814.38,4,No,3,0
E0300,Operations,Specialist,Khulna,2024-10-06,29,Female,34822.53,3,No,2,0
E0301,Finance,Coordinator,Rajshahi,2022-08-07,53,Male,44195.88,5,No,11,0
E0302,Programs,Specialist,Chattogram,2018-03-24,34,Female,111763.4,3,Yes,11,0
E0303,Programs,Coordinator,Dhaka,2025-02-15,32,Male,53314.14,3,No,16,0
E0304,Finance,Manager,Rajshahi,2025-01-29,57,Male,42258.62,2,Yes,19,0
E0305,Finance,Coordinator,Rajshahi,2020-12-07,27,Male,95598.6,3,No,17,0
E0306,Programs,Coordinator,Dhaka,2022-01-10,37,Male,26839.14,2,Yes,1,0
E0307,Programs,Analyst,Rajshahi,2024-09-12,47,Male,31164.93,4,No,17,0
E0308,IT,Specialist,Dhaka,2018-12-20,54,Male,80109.83,4,Yes,14,0
E0309,Programs,Analyst,Chattogram,2019-02-20,40,Female,69614.63,5,No,9,0
E0310,Programs,Analyst,Dhaka,2025-05-29,52,Male,57718.23,3,Yes,8,0
E0311,Operations,Specialist,Rajshahi,2021-05-11,43,Male,89245.49,4,No,15,0
E0312,Programs,Manager,Chattogram,2024-03-19,43,Female,91769.91,3,No,0,0
E0313,Operations,Coordinator,Chattogram,2023-10-11,52,Female,99518.3,4,Yes,3,0
E0314,HR,Coordinator,Dhaka,2020-09-25,25,Female,25183.21,2,Yes,13,0
E0315,HR,Specialist,Dhaka,2024-02-25,51,Male,110874.24,4,No,20,0
E0316,Sales,Officer,Dhaka,2023-05-04,54,Female,36295.35,4,No,18,1
E0317,Operations,Officer,Rajshahi,2024-09-21,35,Male,26348.31,3,Yes,18,0
E0318,IT,Coordinator,Dhaka,2024-07-25,47,Male,114076.16,3,No,14,0
E0319,Operations,Manager,Khulna,2024-09-01,52,Female,84009.96,3,Yes,4,0
E0320,HR,Manager,Rajshahi,2021-10-23,57,Female,65881.75,4,Yes,10,0
E0321,Finance,Coordinator,Dhaka,2022-09-07,22,Male,44991.03,4,No,5,0
E0322,HR,Officer,Khulna,2024-11-01,25,Female,30970.17,5,No,16,0
E0323,Finance,Analyst,Khulna,2022-10-12,41,Female,72429.26,5,No,20,0
E0324,Sales,Specialist,Chattogram,2023-03-25,37,Male,43926.17,3,No,9,1
E0325,Operations,Officer,Khulna,2023-05-18,54,Female,60862.97,4,Yes,1,0
E0326,IT,Coordinator,Khulna,2024-02-19,38,Female,35464.91,3,No,4,0
E0327,Sales,Specialist,Khulna,2021-06-06,23,Female,103644.46,3,No,2,0
E0328,Operations,Analyst,Chattogram,2020-05-29,28,Male,85152.39,3,No,13,0
E0329,Operations,Officer,Chattogram,2020-07-26,51,Male,66488.71,4,No,3,0
E0330,HR,Manager,Chattogram,2020-07-28,24,Male,112687.01,2,No,10,0
E0331,Operations,Manager,Khulna,2021-08-11,25,Male,88977.83,3,Yes,0,1
E0332,Operations,Officer,Chattogram,2025-04-13,58,Female,91368.03,4,Yes,17,0
E0333,Operations,Analyst,Chattogram,2022-10-02,26,Female,109359.82,4,No,8,0
E0334,Finance,Manager,Chattogram,2022-07-13,27,Female,34656.2,3,Yes,13,0
E0335,HR,Specialist,Chattogram,2019-01-12,40,Female,114680.18,3,No,1,0
E0336,Operations,Specialist,Rajshahi,2019-02-05,36,Male,113828.8,2,No,6,0
E0337,Operations,Specialist,Dhaka,2024-09-28,40,Female,95588.7,3,No,10,0
E0338,HR,Specialist,Dhaka,2020-07-19,29,Female,105920.68,5,No,17,0
E0339,IT,Analyst,Dhaka,2019-10-21,43,Male,49933.41,3,No,12,0
E0340,Finance,Specialist,Khulna,2020-11-25,35,Female,36587.63,2,No,16,0
E0341,Finance,Manager,Chattogram,2020-03-31,21,Female,38885.45,4,No,18,0
E0342,Operations,Officer,Khulna,2020-11-01,32,Female,40145.36,4,Yes,10,0
E0343,IT,Specialist,Dhaka,2025-08-07,38,Male,38458.38,3,Yes,1,0
E0344,Operations,Coordinator,Chattogram,2025-04-07,36,Female,83728.69,2,Yes,14,0
E0345,Operations,Officer,Chattogram,2020-01-13,31,Female,116543.42,4,No,15,0
E0346,Programs,Officer,Rajshahi,2018-03-16,51,Male,70452.88,5,No,10,0
E0347,Finance,Analyst,Dhaka,2023-05-06,33,Male,88185.93,3,No,6,0
E0348,Finance,Coordinator,Chattogram,2020-12-15,37,Male,42994.0,3,Yes,0,1
E0349,Operations,Analyst,Rajshahi,2022-02-14,24,Male,103320.58,5,No,20,0
E0350,Programs,Analyst,Khulna,2022-06-06,33,Female,119789.82,3,No,1,0
E0351,Operations,Specialist,Rajshahi,2024-10-06,40,Male,48604.53,3,Yes,12,0
E0352,IT,Officer,Rajshahi,2021-09-04,49,Male,116637.29,3,Yes,17,0
E0353,IT,Specialist,Khulna,2021-09-07,56,Male,22029.83,4,No,1,1
E0354,IT,Manager,Khulna,2019-04-23,32,Male,57432.77,3,Yes,6,1
E0355,Finance,Specialist,Dhaka,2021-03-18,47,Female,68228.13,5,No,11,1
E0356,HR,Analyst,Rajshahi,2021-06-11,27,Female,45611.29,3,Yes,3,0
E0357,Programs,Officer,Khulna,2018-07-11,43,Male,85047.03,2,No,20,1
E0358,IT,Specialist,Khulna,2021-10-09,43,Male,58941.94,2,No,13,0
E0359,Finance,Analyst,Dhaka,2021-01-08,41,Female,32123.47,5,Yes,3,1
E0360,HR,Specialist,Chattogram,2025-08-23,25,Male,87994.44,2,No,1,1
E0361,Operations,Officer,Chattogram,2024-02-14,38,Male,83220.74,3,No,14,0
E0362,Programs,Manager,Rajshahi,2024-10-19,45,Male,100502.0,4,No,15,0
E0363,Finance,Coordinator,Rajshahi,2022-03-08,22,Female,57421.91,4,Yes,17,0
E0364,Operations,Analyst,Khulna,2018-09-04,41,Male,43794.41,3,No,2,0
E0365,Sales,Coordinator,Chattogram,2018-07-06,46,Male,115778.79,3,Yes,3,0
E0366,IT,Analyst,Khulna,2022-10-24,53,Female,39399.89,4,Yes,2,0
E0367,HR,Specialist,Dhaka,2024-06-28,30,Female,86215.25,5,No,19,0
E0368,Operations,Coordinator,Rajshahi,2021-04-10,39,Male,71180.13,3,No,0,0
E0369,Sales,Manager,Khulna,2018-02-21,21,Male,102205.93,4,Yes,17,0
E0370,Programs,Coordinator,Chattogram,2020-04-22,27,Female,68387.18,4,No,15,0
E0371,HR,Specialist,Chattogram,2023-02-22,48,Female,80738.53,3,No,7,0
E0372,Programs,Analyst,Dhaka,2018-09-14,23,Female,89317.46,3,No,3,0
E0373,IT,Officer,Chattogram,2020-07-07,27,Female,98052.51,4,No,9,0
E0374,Operations,Analyst,Rajshahi,2024-10-13,24,Male,69908.27,3,Yes,2,0
E0375,Finance,Manager,Khulna,2021-09-28,41,Female,97669.1,4,Yes,7,0
E0376,Finance,Analyst,Dhaka,2024-11-12,25,Male,96670.44,3,No,8,0
E0377,Finance,Analyst,Dhaka,2020-12-12,42,Male,42928.42,3,No,3,0
E0378,IT,Coordinator,Chattogram,2023-12-08,51,Female,106224.53,4,No,1,0
E0379,Operations,Officer,Dhaka,2023-03-17,50,Female,32107.13,3,No,1,0
E0380,HR,Officer,Khulna,2020-12-14,21,Female,109663.17,5,No,10,0
E0381,Sales,Officer,Rajshahi,2018-05-27,35,Female,64847.33,3,No,4,0
E0382,HR,Specialist,Rajshahi,2025-06-18,46,Male,110263.93,4,No,6,0
E0383,Operations,Specialist,Khulna,2020-01-02,53,Female,84992.72,3,Yes,3,0
E0384,Programs,Specialist,Khulna,2019-09-21,23,Male,109952.02,3,Yes,1,0
E0385,HR,Officer,Chattogram,2020-04-17,58,Male,78851.43,2,No,0,0
E0386,Programs,Manager,Dhaka,2019-10-15,51,Male,78622.25,3,No,18,0
E0387,Finance,Officer,Khulna,2019-06-10,52,Male,79760.53,2,No,4,0
E0388,Finance,Specialist,Rajshahi,2024-11-02,23,Female,28016.9,2,No,5,1
E0389,Programs,Analyst,Khulna,2021-11-07,53,Male,118922.56,3,Yes,1,0
E0390,Programs,Analyst,Chattogram,2018-03-15,54,Female,89386.59,4,No,4,0
E0391,HR,Analyst,Chattogram,2019-02-24,50,Female,90884.3,2,No,4,0
E0392,Finance,Specialist,Dhaka,2024-05-09,39,Female,90870.33,4,No,5,0
E0393,Programs,Analyst,Chattogram,2021-04-29,46,Female,32539.48,5,No,14,0
E0394,Operations,Analyst,Dhaka,2021-06-28,50,Male,105272.85,3,Yes,19,0
E0395,Finance,Manager,Khulna,2020-01-13,35,Male,33710.54,2,No,6,0
E0396,IT,Analyst,Chattogram,2018-08-10,24,Female,65248.61,2,Yes,13,0
E0397,Operations,Analyst,Khulna,2019-01-01,49,Female,48459.58,3,No,8,0
E0398,HR,Coordinator,Rajshahi,2021-10-02,52,Female,110674.07,3,No,2,1
E0399,Operations,Analyst,Khulna,2022-04-13,41,Female,110204.32,4,Yes,13,0
E0400,Sales,Officer,Dhaka,2021-10-06,29,Female,31101.34,3,No,3,0
E0401,Finance,Analyst,Chattogram,2021-02-27,26,Male,41128.03,2,No,13,0
E0402,Operations,Coordinator,Chattogram,2022-04-17,45,Female,105240.58,3,No,8,0
E0403,Programs,Analyst,Khulna,2025-03-01,39,Male,59824.89,4,No,20,0
E0404,Programs,Officer,Khulna,2025-07-14,58,Male,57949.8,3,Yes,4,0
E0405,IT,Coordinator,Rajshahi,2024-12-23,37,Male,30542.54,2,No,3,0
E0406,Operations,Manager,Khulna,2021-08-28,36,Female,50680.74,5,No,17,0
E0407,HR,Specialist,Rajshahi,2024-10-24,22,Female,85776.84,2,No,14,0
E0408,Operations,Officer,Dhaka,2025-08-10,46,Male,40612.54,4,Yes,12,0
E0409,Operations,Coordinator,Rajshahi,2018-08-30,46,Male,22411.82,3,Yes,8,1
E0410,Finance,Officer,Chattogram,2024-08-21,46,Female,90929.28,3,Yes,13,1
E0411,IT,Coordinator,Rajshahi,2023-12-31,32,Female,75502.92,5,No,3,0
E0412,IT,Manager,Chattogram,2022-01-05,26,Female,91165.34,5,Yes,2,0
E0413,Programs,Officer,Chattogram,2022-08-23,36,Female,78319.16,3,No,17,0
E0414,Finance,Manager,Chattogram,2021-10-10,32,Male,43979.96,3,No,8,0
E0415,HR,Specialist,Khulna,2019-10-18,34,Male,44225.32,2,Yes,6,0
E0416,IT,Specialist,Dhaka,2024-10-06,26,Male,37623.02,2,Yes,2,1
E0417,Sales,Coordinator,Khulna,2018-11-23,55,Male,85582.44,3,No,15,0
E0418,IT,Officer,Dhaka,2024-12-14,53,Female,26703.73,3,Yes,14,0
E0419,Programs,Officer,Khulna,2021-05-02,26,Female,97463.88,2,No,15,1
E0420,IT,Officer,Khulna,2025-08-19,25,Male,31946.61,3,No,9,0
E0421,IT,Coordinator,Chattogram,2019-05-07,34,Female,96330.45,3,Yes,11,1
E0422,Finance,Officer,Chattogram,2024-04-01,23,Male,29210.51,4,No,12,0
E0423,Finance,Analyst,Khulna,2023-09-13,32,Male,56820.9,2,No,1,0
E0424,IT,Coordinator,Dhaka,2024-11-07,54,Male,59857.1,3,No,3,0
E0425,Programs,Specialist,Khulna,2018-08-20,52,Male,94993.36,4,No,10,0
E0426,Programs,Manager,Rajshahi,2025-07-26,29,Female,113872.7,3,No,8,0
E0427,Operations,Specialist,Chattogram,2023-01-03,26,Male,23596.43,2,Yes,17,0
E0428,HR,Coordinator,Chattogram,2019-12-26,22,Male,22419.86,3,Yes,6,0
E0429,Sales,Officer,Dhaka,2023-04-19,30,Female,48319.75,5,No,8,0
E0430,Finance,Manager,Dhaka,2022-08-12,48,Male,22733.82,4,No,17,0
E0431,Finance,Analyst,Rajshahi,2019-06-30,26,Male,27976.3,5,No,9,0
E0432,Sales,Specialist,Dhaka,2021-03-21,26,Male,93229.34,3,No,17,0
E0433,Finance,Manager,Khulna,2024-09-07,48,Female,91926.1,3,No,2,0
E0434,HR,Specialist,Chattogram,2024-11-27,48,Female,104118.67,3,No,19,0
E0435,IT,Manager,Rajshahi,2022-02-16,48,Male,113620.76,3,No,3,0
E0436,Sales,Coordinator,Chattogram,2018-03-14,27,Female,60812.03,3,No,17,1
E0437,IT,Manager,Dhaka,2023-02-26,52,Female,61243.27,3,No,4,0
E0438,Finance,Officer,Dhaka,2021-01-13,34,Male,33937.69,2,Yes,15,1
E0439,IT,Manager,Dhaka,2021-11-16,57,Male,110517.18,3,Yes,2,0
E0440,Finance,Officer,Chattogram,2018-12-18,58,Female,96245.35,3,Yes,19,0
E0441,IT,Analyst,Khulna,2023-12-02,21,Male,27238.63,3,No,16,0
E0442,Programs,Analyst,Khulna,2020-05-02,46,Male,29654.47,4,No,13,1
E0443,Programs,Specialist,Rajshahi,2020-12-15,38,Female,92588.18,5,Yes,4,0
E0444,Programs,Coordinator,Rajshahi,2023-10-25,38,Female,99792.88,3,No,11,1
E0445,Programs,Officer,Dhaka,2021-12-28,21,Male,100277.76,4,No,19,0
E0446,HR,Analyst,Khulna,2018-06-23,52,Male,83937.6,5,Yes,16,0
E0447,IT,Officer,Rajshahi,2023-09-22,27,Male,24908.05,2,No,2,0
E0448,IT,Manager,Chattogram,2022-06-30,33,Female,22125.54,2,Yes,0,1
E0449,IT,Officer,Rajshahi,2019-04-10,41,Male,119989.86,5,No,15,0
E0450,HR,Manager,Khulna,2024-08-23,24,Female,24493.38,4,No,0,0
E0451,HR,Officer,Chattogram,2021-09-14,22,Male,56666.47,3,No,12,0
E0452,IT,Analyst,Chattogram,2019-12-05,40,Female,98828.07,3,No,6,0
E0453,IT,Manager,Dhaka,2022-07-12,33,Male,67343.34,3,Yes,11,0
E0454,Finance,Specialist,Rajshahi,2018-06-26,24,Female,43874.21,3,Yes,21,0
E0455,Programs,Officer,Khulna,2018-01-20,24,Female,27262.82,4,Yes,20,0
E0456,Operations,Coordinator,Chattogram,2022-01-05,39,Female,119646.67,3,No,1,0
E0457,Sales,Coordinator,Dhaka,2020-08-04,41,Male,108372.52,4,Yes,9,0
E0458,Finance,Manager,Dhaka,2025-05-14,51,Male,113430.38,2,No,17,0
E0459,Sales,Coordinator,Dhaka,2024-10-20,21,Female,117112.02,4,Yes,16,0
E0460,HR,Manager,Khulna,2022-10-05,25,Female,24973.08,5,Yes,0,0
E0461,Sales,Officer,Rajshahi,2019-05-07,45,Female,72734.42,2,Yes,4,0
E0462,HR,Officer,Chattogram,2021-09-13,40,Female,45415.9,4,No,3,0
E0463,IT,Coordinator,Khulna,2018-01-30,51,Female,63988.2,4,Yes,15,0
E0464,Sales,Manager,Chattogram,2021-09-17,32,Male,98309.25,3,No,11,0
E0465,Operations,Manager,Khulna,2023-08-13,26,Male,68621.94,2,No,7,0
E0466,HR,Specialist,Dhaka,2019-05-24,56,Male,112118.36,2,No,6,0
E0467,Sales,Specialist,Rajshahi,2020-08-20,57,Male,41027.66,3,Yes,1,1
E0468,IT,Coordinator,Rajshahi,2022-05-26,55,Male,58569.62,5,No,2,0
E0469,Finance,Coordinator,Dhaka,2022-06-16,27,Female,23855.59,3,No,18,0
E0470,Finance,Manager,Dhaka,2024-05-29,22,Female,36817.6,4,No,0,0
E0471,Programs,Officer,Rajshahi,2025-05-13,31,Male,43452.22,4,No,18,0
E0472,HR,Officer,Khulna,2019-10-29,36,Male,61948.73,3,Yes,11,0
E0473,Finance,Manager,Chattogram,2020-05-27,29,Male,44320.2,5,Yes,13,0
E0474,Finance,Analyst,Khulna,2018-05-01,34,Female,75676.53,5,No,5,0
E0475,Sales,Specialist,Dhaka,2024-12-29,49,Female,102131.2,4,No,14,1
E0476,Finance,Coordinator,Chattogram,2023-12-07,44,Female,71932.14,5,No,12,0
E0477,Operations,Coordinator,Chattogram,2025-02-23,54,Male,41063.13,5,No,2,0
E0478,Operations,Coordinator,Rajshahi,2018-04-16,44,Female,28904.68,3,Yes,8,0
E0479,IT,Specialist,Dhaka,2018-11-06,21,Female,53340.11,4,Yes,13,0
E0480,Operations,Analyst,Dhaka,2024-11-06,32,Female,27501.59,5,No,9,0
E0481,Finance,Analyst,Chattogram,2018-08-28,58,Female,45270.85,3,Yes,11,0
E0482,IT,Specialist,Chattogram,2023-09-20,49,Female,24002.8,3,No,10,0
E0483,Operations,Officer,Rajshahi,2018-02-07,27,Male,35608.7,5,Yes,18,0
E0484,Operations,Analyst,Dhaka,2024-11-06,55,Female,29036.92,2,No,4,0
E0485,IT,Analyst,Rajshahi,2023-07-10,30,Male,47209.54,2,No,15,0
E0486,Operations,Manager,Khulna,2021-05-08,44,Female,113375.34,3,No,5,0
E0487,Sales,Manager,Chattogram,2018-06-28,57,Male,109614.41,4,Yes,8,0
E0488,IT,Coordinator,Khulna,2022-07-03,26,Female,38855.66,5,Yes,20,1
E0489,Operations,Officer,Dhaka,2019-11-26,36,Female,56306.51,3,No,8,0
E0490,Finance,Officer,Chattogram,2018-10-06,23,Female,41155.57,3,No,17,0
E0491,Finance,Manager,Khulna,2022-03-31,21,Male,99603.82,4,No,1,0
E0492,Operations,Officer,Chattogram,2020-12-06,36,Female,41073.96,3,Yes,11,0
E0493,Finance,Coordinator,Chattogram,2025-02-07,47,Male,93623.93,4,Yes,18,0
E0494,HR,Officer,Rajshahi,2019-06-30,40,Male,87567.15,4,Yes,18,0
E0495,Finance,Analyst,Rajshahi,2023-01-10,36,Female,52616.43,3,Yes,0,0
E0496,Programs,Manager,Khulna,2025-08-02,32,Male,26510.41,5,Yes,12,0
E0497,Finance,Analyst,Chattogram,2019-10-28,27,Female,78312.86,3,No,16,0
E0498,Programs,Manager,Dhaka,2023-02-02,28,Male,45681.59,4,No,13,0
E0499,HR,Manager,Khulna,2022-10-28,55,Female,36073.44,4,No,20,0
E0500,Finance,Officer,Khulna,2021-05-30,52,Female,113643.43,3,Yes,9,0
