order_id,order_date,customer_id,product_id,product_name,category,region,channel,quantity,unit_price,discount,revenue,cost,profit
O00001,2025-08-04,C0016,P102,Polo Shirt,Apparel,Khulna,Retail,4,1126.33,0.15,3829.52,2366.87,1462.65
O00002,2025-03-08,C0013,P105,Monitor,Electronics,Dhaka,Partner,5,15073.94,0,75369.7,52424.93,22944.77
O00003,2025-10-14,C0185,P106,Headset,Electronics,Rajshahi,Partner,7,3169.28,0.1,19966.46,14048.57,5917.89
O00004,2026-01-13,C0163,P101,Shirt,Apparel,Chattogram,Online,6,819.88,0,4919.28,3071.23,1848.05
O00005,2025-02-24,C0121,P105,Monitor,Electronics,Rajshahi,Partner,4,15159.18,0.15,51541.21,30057.1,21484.11
O00006,2025-04-20,C0010,P106,Headset,Electronics,Dhaka,Partner,2,3334.22,0.1,6001.6,4427.5,1574.1
O00007,2026-10-16,C0088,P104,Keyboard,Electronics,Rajshahi,Partner,5,2368.98,0.05,11252.65,6842.5,4410.15
O00008,2025-10-12,C0077,P103,Trousers,Apparel,Rajshahi,Retail,7,1417.53,0,9922.71,7279.42,2643.29
O00009,2026-08-07,C0182,P107,Backpack,Accessories,Chattogram,Partner,5,1795.72,0.05,8529.67,6362.22,2167.45
O00010,2026-12-05,C0152,P105,Monitor,Electronics,Khulna,Online,1,15665.94,0.1,14099.35,8735.05,5364.3
O00011,2025-08-08,C0124,P103,Trousers,Apparel,Khulna,Online,7,1432.06,0,10024.42,6475.63,3548.79
O00012,2025-11-01,C0027,P103,Trousers,Apparel,Khulna,Retail,7,1503.75,0.1,9473.62,5777.33,3696.29
O00013,2026-08-03,C0096,P106,Headset,Electronics,Khulna,Retail,6,3258.83,0.15,16620.03,11681.98,4938.05
O00014,2026-12-23,C0143,P105,Monitor,Electronics,Chattogram,Online,2,14646.36,0,29292.72,18661.92,10630.8
O00015,2025-11-24,C0051,P107,Backpack,Accessories,Dhaka,Online,7,1814.17,0,12699.19,8017.86,4681.33
O00016,2026-09-18,C0145,P102,Polo Shirt,Apparel,Rajshahi,Retail,5,1062.34,0.05,5046.11,2953.71,2092.4
O00017,2026-06-14,C0012,P103,Trousers,Apparel,Khulna,Online,5,1431.12,0.1,6440.04,3887.46,2552.58
O00018,2025-05-19,C0062,P107,Backpack,Accessories,Rajshahi,Online,2,1787.84,0.05,3396.9,2506.24,890.66
O00019,2026-08-01,C0028,P101,Shirt,Apparel,Khulna,Partner,4,760.84,0.05,2891.19,2053.11,838.08
O00020,2025-11-28,C0061,P102,Polo Shirt,Apparel,Chattogram,Retail,5,1041.34,0.15,4425.69,2873.15,1552.54
O00021,2025-02-10,C0101,P102,Polo Shirt,Apparel,Chattogram,Online,7,1070.96,0.15,6372.21,3773.87,2598.34
O00022,2025-11-22,C0020,P103,Trousers,Apparel,Dhaka,Retail,2,1594.43,0.1,2869.97,1970.54,899.43
O00023,2025-08-06,C0119,P108,Notebook,Stationery,Chattogram,Retail,4,180.63,0.05,686.39,478.17,208.22
O00024,2026-08-04,C0135,P105,Monitor,Electronics,Dhaka,Partner,3,14176.86,0.05,40404.05,29383.15,11020.9
O00025,2025-09-14,C0165,P107,Backpack,Accessories,Chattogram,Partner,3,1856.75,0.1,5013.23,3310.84,1702.39
O00026,2025-07-11,C0104,P102,Polo Shirt,Apparel,Rajshahi,Partner,5,1029.51,0,5147.55,3884.03,1263.52
O00027,2026-04-11,C0050,P105,Monitor,Electronics,Rajshahi,Partner,4,15780.39,0,63121.56,39354.5,23767.06
O00028,2026-08-23,C0005,P103,Trousers,Apparel,Dhaka,Online,7,1609.46,0,11266.22,8291.93,2974.29
O00029,2026-04-17,C0051,P103,Trousers,Apparel,Chattogram,Retail,7,1417.49,0.1,8930.19,5684.43,3245.76
O00030,2025-08-28,C0012,P102,Polo Shirt,Apparel,Chattogram,Partner,3,1140.72,0.05,3251.05,2438.79,812.26
O00031,2025-02-02,C0136,P101,Shirt,Apparel,Rajshahi,Partner,2,782.07,0.15,1329.52,1004.25,325.27
O00032,2026-04-10,C0093,P107,Backpack,Accessories,Rajshahi,Retail,7,1927.77,0.15,11470.23,7776.48,3693.75
O00033,2026-01-13,C0134,P107,Backpack,Accessories,Rajshahi,Partner,2,1889.42,0.05,3589.9,2123.46,1466.44
O00034,2025-12-08,C0169,P107,Backpack,Accessories,Khulna,Online,6,1718.81,0,10312.86,6154.33,4158.53
O00035,2026-07-22,C0230,P102,Polo Shirt,Apparel,Dhaka,Online,7,1080.23,0.15,6427.37,4858.85,1568.52
O00036,2026-09-15,C0082,P108,Notebook,Stationery,Rajshahi,Online,3,168.75,0,506.25,346.5,159.75
O00037,2025-04-18,C0109,P108,Notebook,Stationery,Khulna,Partner,5,196.18,0,980.9,733.06,247.84
O00038,2026-11-29,C0182,P102,Polo Shirt,Apparel,Chattogram,Retail,1,1026.21,0,1026.21,606.87,419.34
O00039,2026-12-23,C0051,P105,Monitor,Electronics,Khulna,Partner,6,15196.24,0.15,77500.82,52184.72,25316.1
O00040,2025-03-29,C0171,P103,Trousers,Apparel,Rajshahi,Partner,4,1456.88,0.15,4953.39,3515.34,1438.05
O00041,2026-12-22,C0163,P106,Headset,Electronics,Dhaka,Partner,1,3110.52,0.15,2643.94,1863.4,780.54
O00042,2026-07-07,C0222,P106,Headset,Electronics,Dhaka,Partner,5,2977.58,0.1,13399.11,9608.2,3790.91
O00043,2026-04-20,C0100,P101,Shirt,Apparel,Dhaka,Partner,3,869.04,0.1,2346.41,1555.7,790.71
O00044,2025-09-16,C0083,P103,Trousers,Apparel,Chattogram,Online,7,1595.1,0,11165.7,6985.91,4179.79
O00045,2025-10-18,C0087,P104,Keyboard,Electronics,Khulna,Partner,1,2373.9,0.1,2136.51,1510.17,626.34
O00046,2026-10-30,C0240,P107,Backpack,Accessories,Chattogram,Partner,1,1941.16,0.15,1649.99,1127.92,522.07
O00047,2026-05-12,C0072,P106,Headset,Electronics,Chattogram,Retail,1,3396.0,0,3396.0,2498.52,897.48
O00048,2025-06-06,C0213,P102,Polo Shirt,Apparel,Dhaka,Online,6,1155.46,0.05,6586.12,4964.09,1622.03
O00049,2026-04-25,C0046,P107,Backpack,Accessories,Khulna,Online,3,1937.75,0.1,5231.93,3487.01,1744.92
O00050,2026-09-02,C0019,P107,Backpack,Accessories,Rajshahi,Online,4,1863.59,0.1,6708.92,4900.5,1808.42
O00051,2025-05-13,C0190,P103,Trousers,Apparel,Dhaka,Partner,6,1411.59,0.05,8046.06,5355.42,2690.64
O00052,2025-02-13,C0212,P108,Notebook,Stationery,Dhaka,Online,3,183.02,0.15,466.7,286.76,179.94
O00053,2025-06-30,C0190,P107,Backpack,Accessories,Chattogram,Online,4,1915.2,0.05,7277.76,4328.1,2949.66
O00054,2026-05-18,C0090,P105,Monitor,Electronics,Dhaka,Online,6,14639.84,0.15,74663.18,50493.79,24169.39
O00055,2026-11-14,C0136,P105,Monitor,Electronics,Chattogram,Partner,6,13507.11,0.05,76990.53,45149.76,31840.77
O00056,2025-06-19,C0072,P107,Backpack,Accessories,Chattogram,Online,7,1781.99,0.15,10602.84,7236.69,3366.15
O00057,2026-12-06,C0198,P106,Headset,Electronics,Khulna,Retail,4,3422.17,0.1,12319.81,9198.94,3120.87
O00058,2025-08-21,C0220,P107,Backpack,Accessories,Dhaka,Retail,7,1692.83,0.1,10664.83,7026.56,3638.27
O00059,2026-01-21,C0031,P108,Notebook,Stationery,Khulna,Retail,1,174.05,0,174.05,116.5,57.55
O00060,2025-03-03,C0184,P102,Polo Shirt,Apparel,Chattogram,Partner,2,1069.58,0,2139.16,1425.6,713.56
O00061,2026-10-21,C0171,P105,Monitor,Electronics,Chattogram,Online,2,13539.8,0.15,23017.66,13655.47,9362.19
O00062,2025-09-14,C0149,P107,Backpack,Accessories,Khulna,Online,4,1937.99,0.15,6589.17,4948.22,1640.95
O00063,2025-08-22,C0070,P106,Headset,Electronics,Chattogram,Partner,4,3332.18,0.15,11329.41,7210.36,4119.05
O00064,2025-10-01,C0036,P101,Shirt,Apparel,Dhaka,Retail,5,830.8,0.1,3738.6,2196.67,1541.93
O00065,2026-10-02,C0228,P106,Headset,Electronics,Rajshahi,Partner,6,3287.8,0.1,17754.12,11339.57,6414.55
O00066,2026-12-06,C0060,P105,Monitor,Electronics,Chattogram,Partner,4,14177.33,0.1,51038.39,32131.46,18906.93
O00067,2026-06-01,C0074,P104,Keyboard,Electronics,Chattogram,Online,4,2168.38,0,8673.52,6577.75,2095.77
O00068,2026-02-05,C0160,P103,Trousers,Apparel,Rajshahi,Online,6,1454.77,0.15,7419.33,4471.51,2947.82
O00069,2025-02-18,C0006,P107,Backpack,Accessories,Rajshahi,Retail,6,1715.44,0.1,9263.38,5574.97,3688.41
O00070,2026-12-03,C0175,P102,Polo Shirt,Apparel,Chattogram,Partner,1,1074.07,0,1074.07,640.51,433.56
O00071,2026-05-04,C0014,P101,Shirt,Apparel,Rajshahi,Retail,4,825.92,0,3303.68,2086.38,1217.3
O00072,2025-02-06,C0148,P106,Headset,Electronics,Khulna,Partner,2,3271.3,0,6542.6,3843.8,2698.8
O00073,2025-11-27,C0128,P107,Backpack,Accessories,Rajshahi,Retail,5,1874.77,0.05,8905.16,5494.49,3410.67
O00074,2026-09-29,C0085,P102,Polo Shirt,Apparel,Dhaka,Online,6,1041.24,0.1,5622.7,3919.22,1703.48
O00075,2025-04-14,C0128,P102,Polo Shirt,Apparel,Chattogram,Online,7,1175.75,0.05,7818.74,4752.91,3065.83
O00076,2025-05-09,C0039,P102,Polo Shirt,Apparel,Chattogram,Online,7,1101.45,0,7710.15,4762.95,2947.2
O00077,2026-05-07,C0006,P102,Polo Shirt,Apparel,Chattogram,Retail,3,1190.05,0.1,3213.13,2202.57,1010.56
O00078,2026-02-21,C0176,P107,Backpack,Accessories,Chattogram,Online,7,1946.12,0.1,12260.56,7769.33,4491.23
O00079,2026-02-28,C0220,P103,Trousers,Apparel,Dhaka,Online,6,1433.37,0.1,7740.2,5657.08,2083.12
O00080,2025-10-16,C0223,P105,Monitor,Electronics,Chattogram,Online,2,15771.39,0.15,26811.36,17832.47,8978.89
O00081,2026-12-31,C0206,P102,Polo Shirt,Apparel,Rajshahi,Online,5,1077.15,0,5385.75,3146.38,2239.37
O00082,2025-09-28,C0153,P104,Keyboard,Electronics,Dhaka,Partner,5,2308.25,0,11541.25,8349.57,3191.68
O00083,2025-08-14,C0217,P108,Notebook,Stationery,Khulna,Partner,3,181.45,0.05,517.13,346.24,170.89
O00084,2026-05-28,C0087,P108,Notebook,Stationery,Khulna,Online,1,190.09,0,190.09,141.72,48.37
O00085,2026-11-26,C0077,P107,Backpack,Accessories,Chattogram,Partner,2,1676.48,0,3352.96,2431.19,921.77
O00086,2026-04-20,C0211,P101,Shirt,Apparel,Chattogram,Retail,2,823.36,0.05,1564.38,1115.87,448.51
O00087,2026-08-04,C0009,P107,Backpack,Accessories,Khulna,Online,2,1873.68,0,3747.36,2369.43,1377.93
O00088,2025-07-26,C0111,P106,Headset,Electronics,Dhaka,Partner,3,3283.98,0,9851.94,5728.15,4123.79
O00089,2025-09-18,C0179,P103,Trousers,Apparel,Rajshahi,Online,2,1554.85,0,3109.7,2348.16,761.54
O00090,2025-05-22,C0221,P101,Shirt,Apparel,Chattogram,Online,6,830.78,0,4984.68,3402.91,1581.77
O00091,2026-04-13,C0208,P103,Trousers,Apparel,Khulna,Retail,1,1470.13,0,1470.13,966.93,503.2
O00092,2025-10-15,C0226,P101,Shirt,Apparel,Rajshahi,Retail,4,783.13,0.15,2662.64,1672.55,990.09
O00093,2026-05-19,C0029,P107,Backpack,Accessories,Khulna,Partner,3,1887.76,0.05,5380.12,3615.66,1764.46
O00094,2025-11-25,C0042,P106,Headset,Electronics,Dhaka,Retail,3,3073.01,0.1,8297.13,5699.85,2597.28
O00095,2025-12-08,C0192,P102,Polo Shirt,Apparel,Dhaka,Retail,7,1075.87,0,7531.09,5263.68,2267.41
O00096,2025-05-12,C0018,P105,Monitor,Electronics,Khulna,Partner,7,13693.9,0,95857.3,72556.78,23300.52
O00097,2026-01-29,C0150,P103,Trousers,Apparel,Khulna,Retail,5,1436.4,0.15,6104.7,4600.51,1504.19
O00098,2025-08-03,C0084,P108,Notebook,Stationery,Chattogram,Retail,5,179.24,0.1,806.58,495.37,311.21
O00099,2026-07-01,C0022,P108,Notebook,Stationery,Dhaka,Retail,4,174.39,0.05,662.68,424.16,238.52
O00100,2026-04-13,C0240,P101,Shirt,Apparel,Dhaka,Online,1,822.89,0.15,699.46,442.7,256.76
O00101,2026-01-05,C0165,P104,Keyboard,Electronics,Rajshahi,Retail,1,2182.53,0,2182.53,1597.4,585.13
O00102,2025-12-19,C0047,P102,Polo Shirt,Apparel,Khulna,Partner,4,1188.81,0,4755.24,3058.67,1696.57
O00103,2026-05-10,C0097,P108,Notebook,Stationery,Dhaka,Online,3,167.8,0.1,453.06,291.9,161.16
O00104,2025-01-19,C0107,P108,Notebook,Stationery,Dhaka,Online,6,172.62,0,1035.72,644.95,390.77
O00105,2026-02-17,C0116,P104,Keyboard,Electronics,Rajshahi,Partner,3,2170.17,0.05,6184.98,4352.84,1832.14
O00106,2026-10-18,C0085,P105,Monitor,Electronics,Rajshahi,Online,6,15607.59,0.1,84280.99,63165.5,21115.49
O00107,2026-03-15,C0064,P105,Monitor,Electronics,Chattogram,Online,5,14442.74,0.1,64992.33,49361.08,15631.25
O00108,2025-05-18,C0105,P108,Notebook,Stationery,Chattogram,Partner,2,175.87,0.1,316.57,216.43,100.14
O00109,2026-06-04,C0076,P102,Polo Shirt,Apparel,Dhaka,Online,7,1034.99,0.05,6882.68,4580.02,2302.66
O00110,2026-05-15,C0109,P103,Trousers,Apparel,Rajshahi,Retail,4,1566.5,0.15,5326.1,3796.23,1529.87
O00111,2026-01-27,C0129,P106,Headset,Electronics,Rajshahi,Online,6,3296.38,0,19778.28,14797.43,4980.85
O00112,2026-03-27,C0128,P106,Headset,Electronics,Khulna,Retail,1,3118.33,0,3118.33,1952.58,1165.75
O00113,2025-01-05,C0230,P105,Monitor,Electronics,Rajshahi,Partner,6,14640.32,0,87841.92,57882.63,29959.29
O00114,2025-02-13,C0007,P103,Trousers,Apparel,Dhaka,Online,6,1481.55,0,8889.3,6360.22,2529.08
O00115,2026-07-06,C0043,P105,Monitor,Electronics,Dhaka,Retail,3,15031.29,0,45093.87,32723.74,12370.13
O00116,2026-01-28,C0199,P107,Backpack,Accessories,Chattogram,Retail,3,1701.68,0,5105.04,3400.84,1704.2
O00117,2026-04-01,C0161,P106,Headset,Electronics,Chattogram,Online,7,3274.83,0.05,21777.62,12941.94,8835.68
O00118,2026-12-28,C0195,P106,Headset,Electronics,Dhaka,Partner,4,3414.07,0.1,12290.65,7379.15,4911.5
O00119,2026-03-26,C0221,P104,Keyboard,Electronics,Dhaka,Partner,2,2122.9,0,4245.8,3145.78,1100.02
O00120,2025-07-09,C0105,P107,Backpack,Accessories,Khulna,Retail,5,1768.64,0,8843.2,6431.85,2411.35
O00121,2026-01-03,C0048,P105,Monitor,Electronics,Rajshahi,Retail,6,13529.93,0.1,73061.62,53102.22,19959.4
O00122,2025-05-13,C0003,P101,Shirt,Apparel,Chattogram,Partner,6,799.59,0.1,4317.79,2700.99,1616.8
O00123,2026-09-24,C0077,P105,Monitor,Electronics,Khulna,Partner,5,15645.58,0,78227.9,45600.79,32627.11
O00124,2025-04-24,C0233,P105,Monitor,Electronics,Dhaka,Retail,5,14945.39,0,74726.95,52541.92,22185.03
O00125,2026-04-18,C0026,P101,Shirt,Apparel,Rajshahi,Retail,5,835.33,0,4176.65,2791.54,1385.11
O00126,2025-08-21,C0068,P105,Monitor,Electronics,Rajshahi,Retail,2,15618.41,0.15,26551.3,17710.87,8840.43
O00127,2026-01-01,C0236,P102,Polo Shirt,Apparel,Dhaka,Retail,7,1135.84,0.05,7553.34,5092.79,2460.55
O00128,2025-01-18,C0138,P105,Monitor,Electronics,Chattogram,Online,7,14083.06,0,98581.42,64737.21,33844.21
O00129,2026-06-08,C0059,P106,Headset,Electronics,Dhaka,Online,5,3182.35,0.1,14320.58,9646.75,4673.83
O00130,2026-04-10,C0235,P106,Headset,Electronics,Khulna,Retail,6,3238.18,0,19429.08,12751.44,6677.64
O00131,2026-09-16,C0166,P108,Notebook,Stationery,Khulna,Retail,6,174.98,0,1049.88,638.19,411.69
O00132,2026-03-17,C0037,P104,Keyboard,Electronics,Rajshahi,Retail,7,2140.26,0.1,13483.64,8108.75,5374.89
O00133,2025-03-20,C0155,P106,Headset,Electronics,Khulna,Retail,7,3374.98,0.15,20081.13,13230.39,6850.74
O00134,2025-10-27,C0048,P101,Shirt,Apparel,Chattogram,Online,3,804.42,0,2413.26,1660.11,753.15
O00135,2025-12-09,C0055,P103,Trousers,Apparel,Khulna,Online,2,1446.4,0,2892.8,1996.87,895.93
O00136,2025-10-20,C0074,P106,Headset,Electronics,Dhaka,Partner,7,3159.61,0.1,19905.54,12378.04,7527.5
O00137,2026-09-24,C0068,P104,Keyboard,Electronics,Chattogram,Retail,7,2204.62,0,15432.34,10973.61,4458.73
O00138,2025-03-06,C0135,P107,Backpack,Accessories,Khulna,Online,2,1759.61,0.15,2991.34,2067.31,924.03
O00139,2026-08-08,C0217,P108,Notebook,Stationery,Chattogram,Retail,3,181.86,0,545.58,351.08,194.5
O00140,2025-09-28,C0223,P108,Notebook,Stationery,Dhaka,Online,7,190.04,0,1330.28,815.27,515.01
O00141,2025-11-02,C0226,P103,Trousers,Apparel,Dhaka,Retail,1,1460.78,0.1,1314.7,960.52,354.18
O00142,2025-07-17,C0076,P103,Trousers,Apparel,Dhaka,Partner,7,1631.8,0.15,9709.21,6270.86,3438.35
O00143,2025-01-28,C0165,P102,Polo Shirt,Apparel,Rajshahi,Partner,6,1046.46,0,6278.76,4746.0,1532.76
O00144,2026-01-30,C0130,P108,Notebook,Stationery,Rajshahi,Partner,7,191.74,0.05,1275.07,826.65,448.42
O00145,2025-04-25,C0117,P105,Monitor,Electronics,Chattogram,Retail,5,14615.28,0,73076.4,50372.22,22704.18
O00146,2025-01-12,C0212,P103,Trousers,Apparel,Khulna,Retail,7,1511.54,0,10580.78,7492.03,3088.75
O00147,2026-10-14,C0104,P103,Trousers,Apparel,Rajshahi,Retail,1,1432.81,0,1432.81,984.83,447.98
O00148,2025-07-27,C0182,P101,Shirt,Apparel,Khulna,Online,6,764.98,0.05,4360.39,3017.86,1342.53
O00149,2026-01-30,C0160,P103,Trousers,Apparel,Dhaka,Online,3,1459.99,0,4379.97,3006.52,1373.45
O00150,2025-03-25,C0138,P106,Headset,Electronics,Khulna,Online,2,3458.5,0,6917.0,4565.92,2351.08
O00151,2026-06-24,C0167,P106,Headset,Electronics,Rajshahi,Retail,4,3057.92,0,12231.68,8379.11,3852.57
O00152,2025-01-29,C0061,P108,Notebook,Stationery,Rajshahi,Retail,4,176.79,0.05,671.8,438.7,233.1
O00153,2026-01-12,C0088,P107,Backpack,Accessories,Chattogram,Retail,2,1809.22,0,3618.44,2365.2,1253.24
O00154,2026-04-29,C0080,P105,Monitor,Electronics,Khulna,Retail,1,14872.99,0,14872.99,11026.44,3846.55
O00155,2026-01-29,C0142,P101,Shirt,Apparel,Chattogram,Retail,4,772.01,0.15,2624.83,1749.26,875.57
O00156,2026-12-17,C0205,P102,Polo Shirt,Apparel,Rajshahi,Retail,2,1058.86,0,2117.72,1605.78,511.94
O00157,2026-02-02,C0088,P106,Headset,Electronics,Khulna,Online,7,3408.47,0.1,21473.36,14309.67,7163.69
O00158,2026-03-31,C0206,P103,Trousers,Apparel,Khulna,Retail,7,1601.11,0,11207.77,7510.0,3697.77
O00159,2025-08-19,C0108,P101,Shirt,Apparel,Dhaka,Online,7,856.53,0.1,5396.14,3867.71,1528.43
O00160,2026-09-14,C0049,P103,Trousers,Apparel,Dhaka,Retail,4,1628.58,0,6514.32,3823.37,2690.95
O00161,2025-08-22,C0027,P108,Notebook,Stationery,Chattogram,Online,3,190.59,0.05,543.18,333.25,209.93
O00162,2025-05-03,C0010,P101,Shirt,Apparel,Khulna,Retail,2,836.66,0,1673.32,1247.69,425.63
O00163,2025-10-16,C0148,P101,Shirt,Apparel,Khulna,Retail,2,856.94,0.05,1628.19,1045.96,582.23
O00164,2025-05-05,C0177,P107,Backpack,Accessories,Khulna,Retail,7,1767.56,0,12372.92,8910.43,3462.49
O00165,2026-10-30,C0082,P102,Polo Shirt,Apparel,Dhaka,Retail,7,1189.92,0.1,7496.5,4767.63,2728.87
O00166,2026-06-28,C0028,P106,Headset,Electronics,Rajshahi,Retail,6,3420.92,0.15,17446.69,12079.37,5367.32
O00167,2025-04-21,C0063,P106,Headset,Electronics,Khulna,Online,5,3018.73,0.1,13584.28,9026.78,4557.5
O00168,2026-06-14,C0040,P102,Polo Shirt,Apparel,Dhaka,Online,3,1184.21,0.1,3197.37,2022.74,1174.63
O00169,2025-12-25,C0106,P108,Notebook,Stationery,Khulna,Partner,6,168.4,0.1,909.36,602.73,306.63
O00170,2025-11-15,C0060,P107,Backpack,Accessories,Khulna,Online,2,1961.45,0.15,3334.47,2411.35,923.12
O00171,2026-02-08,C0155,P103,Trousers,Apparel,Chattogram,Retail,5,1517.1,0.05,7206.22,5262.9,1943.32
O00172,2026-05-06,C0169,P103,Trousers,Apparel,Rajshahi,Online,4,1427.83,0,5711.32,3879.76,1831.56
O00173,2025-11-03,C0073,P107,Backpack,Accessories,Chattogram,Partner,1,1926.36,0.15,1637.41,1181.04,456.37
O00174,2026-09-21,C0028,P101,Shirt,Apparel,Dhaka,Partner,7,800.67,0.1,5044.22,3674.63,1369.59
O00175,2025-01-13,C0231,P101,Shirt,Apparel,Rajshahi,Online,4,788.46,0.1,2838.46,1823.74,1014.72
O00176,2026-07-04,C0119,P101,Shirt,Apparel,Dhaka,Online,1,792.89,0.15,673.96,420.22,253.74
O00177,2026-03-09,C0064,P103,Trousers,Apparel,Rajshahi,Online,4,1570.09,0.1,5652.32,4002.29,1650.03
O00178,2025-05-05,C0132,P104,Keyboard,Electronics,Rajshahi,Retail,1,2046.94,0.1,1842.25,1281.52,560.73
O00179,2025-02-27,C0022,P106,Headset,Electronics,Rajshahi,Partner,1,3433.47,0.15,2918.45,1953.26,965.19
O00180,2025-03-23,C0022,P101,Shirt,Apparel,Chattogram,Online,3,764.89,0,2294.67,1626.16,668.51
O00181,2026-01-24,C0152,P104,Keyboard,Electronics,Khulna,Partner,6,2220.1,0,13320.6,8068.87,5251.73
O00182,2026-02-19,C0239,P103,Trousers,Apparel,Rajshahi,Retail,6,1528.23,0,9169.38,6646.56,2522.82
O00183,2025-10-19,C0058,P106,Headset,Electronics,Chattogram,Retail,2,3322.92,0.1,5981.26,3713.17,2268.09
O00184,2025-01-07,C0173,P104,Keyboard,Electronics,Chattogram,Retail,1,2153.38,0,2153.38,1519.91,633.47
O00185,2026-07-05,C0229,P104,Keyboard,Electronics,Dhaka,Online,3,2367.44,0,7102.32,5396.41,1705.91
O00186,2025-10-26,C0170,P108,Notebook,Stationery,Dhaka,Retail,3,194.56,0.1,525.31,305.69,219.62
O00187,2026-04-02,C0008,P104,Keyboard,Electronics,Dhaka,Partner,6,2302.61,0.15,11743.31,7991.25,3752.06
O00188,2026-05-22,C0018,P106,Headset,Electronics,Rajshahi,Retail,5,3312.85,0,16564.25,10929.18,5635.07
O00189,2025-11-23,C0169,P104,Keyboard,Electronics,Dhaka,Online,4,2305.53,0,9222.12,6451.02,2771.1
O00190,2025-05-13,C0028,P102,Polo Shirt,Apparel,Rajshahi,Retail,6,1106.58,0,6639.48,5025.29,1614.19
O00191,2025-01-16,C0155,P105,Monitor,Electronics,Chattogram,Retail,6,15356.25,0,92137.5,65028.32,27109.18
O00192,2026-01-04,C0212,P108,Notebook,Stationery,Rajshahi,Retail,1,181.8,0,181.8,110.93,70.87
O00193,2025-04-02,C0085,P101,Shirt,Apparel,Dhaka,Retail,1,830.3,0.15,705.75,482.18,223.57
O00194,2026-12-25,C0178,P106,Headset,Electronics,Dhaka,Partner,5,3239.13,0,16195.65,10413.19,5782.46
O00195,2026-11-13,C0179,P108,Notebook,Stationery,Rajshahi,Partner,5,194.45,0.15,826.41,589.56,236.85
O00196,2026-11-28,C0113,P105,Monitor,Electronics,Rajshahi,Retail,7,14737.96,0,103165.72,61909.98,41255.74
O00197,2025-08-11,C0109,P106,Headset,Electronics,Rajshahi,Online,6,3282.06,0,19692.36,13296.02,6396.34
O00198,2025-05-12,C0044,P105,Monitor,Electronics,Chattogram,Online,5,15364.99,0,76824.95,53931.17,22893.78
O00199,2026-02-07,C0044,P105,Monitor,Electronics,Dhaka,Online,2,15373.64,0.1,27672.55,20085.35,7587.2
O00200,2025-10-14,C0153,P104,Keyboard,Electronics,Chattogram,Online,6,2299.33,0.15,11726.58,7331.95,4394.63
O00201,2025-01-13,C0033,P102,Polo Shirt,Apparel,Rajshahi,Retail,2,1127.7,0.05,2142.63,1612.57,530.06
O00202,2026-11-10,C0086,P104,Keyboard,Electronics,Chattogram,Retail,4,2347.49,0.15,7981.47,5784.75,2196.72
O00203,2025-08-15,C0099,P107,Backpack,Accessories,Khulna,Online,5,1790.63,0,8953.15,5709.28,3243.87
O00204,2025-02-20,C0009,P106,Headset,Electronics,Khulna,Online,7,3091.83,0.1,19478.53,12835.44,6643.09
O00205,2026-02-23,C0221,P106,Headset,Electronics,Chattogram,Online,7,3186.97,0.15,18962.47,12183.87,6778.6
O00206,2026-04-22,C0041,P106,Headset,Electronics,Chattogram,Partner,3,3359.91,0.05,9575.74,5903.16,3672.58
O00207,2026-02-10,C0044,P103,Trousers,Apparel,Khulna,Partner,1,1556.84,0.05,1479.0,871.44,607.56
O00208,2026-07-28,C0152,P104,Keyboard,Electronics,Dhaka,Partner,7,2204.01,0.1,13885.26,10470.75,3414.51
O00209,2026-08-17,C0076,P107,Backpack,Accessories,Khulna,Online,3,1711.21,0.1,4620.27,2901.63,1718.64
O00210,2025-08-14,C0041,P108,Notebook,Stationery,Chattogram,Retail,7,173.36,0.1,1092.17,737.47,354.7
O00211,2025-08-04,C0104,P107,Backpack,Accessories,Khulna,Partner,7,1855.56,0.1,11690.03,7073.78,4616.25
O00212,2025-04-09,C0170,P101,Shirt,Apparel,Khulna,Online,3,807.7,0.1,2180.79,1501.14,679.65
O00213,2025-05-19,C0049,P101,Shirt,Apparel,Rajshahi,Retail,4,846.59,0,3386.36,2083.95,1302.41
O00214,2026-07-30,C0231,P104,Keyboard,Electronics,Rajshahi,Partner,5,2327.83,0,11639.15,8144.99,3494.16
O00215,2025-11-16,C0139,P105,Monitor,Electronics,Dhaka,Partner,5,14017.43,0.15,59574.08,40629.39,18944.69
O00216,2026-01-04,C0201,P108,Notebook,Stationery,Khulna,Retail,6,177.42,0.1,958.07,603.99,354.08
O00217,2025-02-04,C0211,P102,Polo Shirt,Apparel,Dhaka,Partner,2,1036.9,0.05,1970.11,1436.63,533.48
O00218,2026-02-23,C0239,P102,Polo Shirt,Apparel,Khulna,Online,5,1027.88,0,5139.4,3281.83,1857.57
O00219,2026-11-23,C0076,P106,Headset,Electronics,Chattogram,Partner,3,3263.72,0.1,8812.04,5786.95,3025.09
O00220,2025-11-09,C0058,P101,Shirt,Apparel,Dhaka,Online,3,790.84,0,2372.52,1747.29,625.23
O00221,2025-02-23,C0112,P103,Trousers,Apparel,Dhaka,Retail,2,1533.8,0.1,2760.84,1619.86,1140.98
O00222,2025-03-09,C0130,P103,Trousers,Apparel,Rajshahi,Online,2,1490.2,0,2980.4,1778.39,1202.01
O00223,2026-02-25,C0063,P107,Backpack,Accessories,Khulna,Retail,3,1870.33,0.05,5330.44,3796.21,1534.23
O00224,2025-10-10,C0197,P101,Shirt,Apparel,Dhaka,Online,6,760.73,0,4564.38,3351.0,1213.38
O00225,2025-05-14,C0127,P102,Polo Shirt,Apparel,Khulna,Partner,3,1040.82,0,3122.46,2133.2,989.26
O00226,2026-05-06,C0111,P105,Monitor,Electronics,Rajshahi,Online,4,15269.25,0.05,58023.15,37846.8,20176.35
O00227,2025-12-21,C0207,P104,Keyboard,Electronics,Chattogram,Partner,3,2328.3,0,6984.9,4543.06,2441.84
O00228,2025-12-07,C0106,P102,Polo Shirt,Apparel,Dhaka,Retail,1,1028.0,0,1028.0,688.72,339.28
O00229,2025-04-24,C0157,P103,Trousers,Apparel,Chattogram,Online,6,1420.73,0.15,7245.72,4269.35,2976.37
O00230,2025-05-05,C0116,P107,Backpack,Accessories,Khulna,Retail,6,1891.37,0,11348.22,8589.16,2759.06
O00231,2025-08-03,C0120,P108,Notebook,Stationery,Rajshahi,Partner,3,189.46,0.05,539.96,398.87,141.09
O00232,2026-12-27,C0092,P107,Backpack,Accessories,Dhaka,Partner,2,1866.89,0.15,3173.71,2028.69,1145.02
O00233,2026-11-24,C0226,P105,Monitor,Electronics,Dhaka,Online,3,15370.67,0.15,39195.21,22958.78,16236.43
O00234,2025-07-04,C0118,P107,Backpack,Accessories,Khulna,Retail,4,1755.9,0,7023.6,4244.97,2778.63
O00235,2026-06-30,C0031,P108,Notebook,Stationery,Chattogram,Online,3,177.13,0,531.39,313.56,217.83
O00236,2026-05-12,C0183,P103,Trousers,Apparel,Dhaka,Partner,4,1419.76,0.1,5111.14,3048.55,2062.59
O00237,2026-07-17,C0194,P106,Headset,Electronics,Khulna,Online,6,3465.16,0,20790.96,12781.71,8009.25
O00238,2026-01-01,C0198,P106,Headset,Electronics,Chattogram,Retail,1,3256.09,0,3256.09,1924.18,1331.91
O00239,2026-07-04,C0111,P102,Polo Shirt,Apparel,Khulna,Partner,4,1157.52,0.05,4398.58,3223.11,1175.47
O00240,2026-07-15,C0123,P104,Keyboard,Electronics,Rajshahi,Retail,3,2129.39,0,6388.17,4079.76,2308.41
O00241,2025-02-10,C0222,P105,Monitor,Electronics,Chattogram,Partner,7,14911.01,0,104377.07,66709.23,37667.84
O00242,2026-02-13,C0077,P107,Backpack,Accessories,Rajshahi,Online,7,1803.52,0.05,11993.41,7878.77,4114.64
O00243,2026-10-28,C0203,P103,Trousers,Apparel,Chattogram,Retail,4,1563.83,0.1,5629.79,3438.29,2191.5
O00244,2026-02-25,C0183,P102,Polo Shirt,Apparel,Rajshahi,Partner,6,1190.08,0,7140.48,4293.1,2847.38
O00245,2026-06-03,C0239,P102,Polo Shirt,Apparel,Khulna,Retail,2,1095.52,0.05,2081.49,1406.42,675.07
O00246,2026-08-15,C0217,P107,Backpack,Accessories,Rajshahi,Online,4,1898.08,0.05,7212.7,4352.77,2859.93
O00247,2025-08-01,C0081,P106,Headset,Electronics,Chattogram,Partner,7,2991.96,0.15,17802.16,10822.92,6979.24
O00248,2026-01-08,C0167,P107,Backpack,Accessories,Dhaka,Partner,7,1831.28,0.15,10896.12,7097.88,3798.24
O00249,2026-09-14,C0043,P103,Trousers,Apparel,Rajshahi,Retail,5,1426.41,0,7132.05,5033.91,2098.14
O00250,2025-08-07,C0053,P108,Notebook,Stationery,Dhaka,Online,2,186.91,0.15,317.75,236.34,81.41
O00251,2025-09-05,C0009,P104,Keyboard,Electronics,Rajshahi,Online,7,2120.5,0,14843.5,11037.71,3805.79
O00252,2026-05-24,C0002,P107,Backpack,Accessories,Chattogram,Partner,3,1683.67,0.1,4545.91,3077.84,1468.07
O00253,2025-11-16,C0196,P107,Backpack,Accessories,Dhaka,Retail,1,1861.04,0,1861.04,1287.91,573.13
O00254,2026-01-24,C0240,P106,Headset,Electronics,Dhaka,Partner,7,3155.66,0,22089.62,15426.19,6663.43
O00255,2026-11-09,C0075,P102,Polo Shirt,Apparel,Khulna,Partner,4,1156.61,0,4626.44,3323.67,1302.77
O00256,2026-04-05,C0065,P103,Trousers,Apparel,Chattogram,Partner,4,1603.7,0.1,5773.32,3608.82,2164.5
O00257,2026-07-13,C0198,P102,Polo Shirt,Apparel,Rajshahi,Partner,4,1070.63,0.1,3854.27,2444.83,1409.44
O00258,2025-03-16,C0101,P105,Monitor,Electronics,Rajshahi,Retail,2,15715.94,0,31431.88,20970.02,10461.86
O00259,2026-04-08,C0057,P101,Shirt,Apparel,Dhaka,Partner,7,861.09,0,6027.63,3509.28,2518.35
O00260,2025-10-27,C0069,P102,Polo Shirt,Apparel,Rajshahi,Online,1,1126.85,0.15,957.82,616.94,340.88
O00261,2026-07-14,C0103,P108,Notebook,Stationery,Rajshahi,Retail,4,182.65,0.1,657.54,491.59,165.95
O00262,2025-12-18,C0154,P104,Keyboard,Electronics,Dhaka,Online,4,2138.02,0.15,7269.27,4303.58,2965.69
O00263,2025-06-02,C0199,P102,Polo Shirt,Apparel,Rajshahi,Online,4,1047.38,0.05,3980.04,2894.35,1085.69
O00264,2025-04-04,C0052,P107,Backpack,Accessories,Chattogram,Partner,5,1797.39,0,8986.95,5388.44,3598.51
O00265,2025-06-15,C0210,P104,Keyboard,Electronics,Rajshahi,Retail,3,2256.42,0.15,5753.87,4076.14,1677.73
O00266,2026-08-31,C0156,P102,Polo Shirt,Apparel,Dhaka,Retail,3,1033.22,0,3099.66,1999.21,1100.45
O00267,2026-11-24,C0067,P103,Trousers,Apparel,Rajshahi,Retail,3,1453.24,0,4359.72,2537.76,1821.96
O00268,2026-03-03,C0145,P103,Trousers,Apparel,Rajshahi,Partner,7,1626.86,0.05,10818.62,7011.56,3807.06
O00269,2026-04-13,C0074,P105,Monitor,Electronics,Rajshahi,Partner,3,14520.41,0.05,41383.17,26469.2,14913.97
O00270,2026-02-13,C0040,P101,Shirt,Apparel,Khulna,Online,3,831.4,0.05,2369.49,1588.77,780.72
O00271,2025-06-26,C0187,P107,Backpack,Accessories,Rajshahi,Online,5,1850.5,0.05,8789.88,6387.92,2401.96
O00272,2026-02-11,C0106,P102,Polo Shirt,Apparel,Chattogram,Retail,1,1167.85,0,1167.85,731.92,435.93
O00273,2025-06-01,C0128,P103,Trousers,Apparel,Rajshahi,Partner,6,1563.64,0.05,8912.75,6137.17,2775.58
O00274,2026-06-11,C0046,P101,Shirt,Apparel,Rajshahi,Online,2,853.36,0.1,1536.05,1054.06,481.99
O00275,2025-04-26,C0018,P103,Trousers,Apparel,Dhaka,Retail,5,1589.39,0.15,6754.91,4392.12,2362.79
O00276,2026-05-27,C0230,P106,Headset,Electronics,Rajshahi,Partner,4,3268.02,0,13072.08,8837.39,4234.69
O00277,2025-09-20,C0172,P105,Monitor,Electronics,Rajshahi,Online,3,15059.15,0.15,38400.83,23447.76,14953.07
O00278,2026-09-22,C0219,P104,Keyboard,Electronics,Rajshahi,Partner,3,2211.82,0,6635.46,4738.68,1896.78
O00279,2026-03-17,C0235,P103,Trousers,Apparel,Rajshahi,Online,3,1422.87,0,4268.61,3144.03,1124.58
O00280,2025-06-21,C0109,P105,Monitor,Electronics,Rajshahi,Partner,3,14775.5,0.05,42110.17,25704.88,16405.29
O00281,2025-02-14,C0012,P108,Notebook,Stationery,Khulna,Online,5,180.53,0.05,857.52,565.46,292.06
O00282,2025-10-10,C0111,P106,Headset,Electronics,Rajshahi,Partner,7,2999.76,0.05,19948.4,13862.1,6086.3
O00283,2026-08-27,C0122,P103,Trousers,Apparel,Chattogram,Retail,6,1578.67,0,9472.02,5712.39,3759.63
O00284,2026-05-16,C0138,P103,Trousers,Apparel,Chattogram,Online,7,1538.57,0.05,10231.49,6039.24,4192.25
O00285,2026-05-05,C0072,P108,Notebook,Stationery,Dhaka,Retail,4,171.03,0.1,615.71,413.93,201.78
O00286,2025-02-09,C0148,P101,Shirt,Apparel,Rajshahi,Retail,6,773.09,0.05,4406.61,3182.66,1223.95
O00287,2025-03-29,C0034,P104,Keyboard,Electronics,Dhaka,Retail,2,2069.4,0.15,3517.98,2045.57,1472.41
O00288,2025-03-06,C0104,P102,Polo Shirt,Apparel,Chattogram,Retail,7,1104.77,0,7733.39,4727.89,3005.5
O00289,2025-04-23,C0013,P101,Shirt,Apparel,Khulna,Online,4,779.94,0.05,2963.77,1965.11,998.66
O00290,2025-05-23,C0028,P104,Keyboard,Electronics,Khulna,Retail,6,2346.33,0.15,11966.28,6973.78,4992.5
O00291,2025-09-10,C0009,P102,Polo Shirt,Apparel,Rajshahi,Partner,1,1043.42,0.15,886.91,667.15,219.76
O00292,2025-01-18,C0192,P101,Shirt,Apparel,Rajshahi,Partner,7,839.16,0.1,5286.71,3439.68,1847.03
O00293,2025-04-19,C0115,P103,Trousers,Apparel,Khulna,Partner,2,1612.99,0.15,2742.08,1729.38,1012.7
O00294,2026-05-11,C0047,P101,Shirt,Apparel,Rajshahi,Retail,1,847.97,0.1,763.17,494.62,268.55
O00295,2026-02-26,C0220,P108,Notebook,Stationery,Chattogram,Partner,1,179.74,0.15,152.78,105.67,47.11
O00296,2025-07-27,C0085,P103,Trousers,Apparel,Khulna,Partner,2,1605.13,0.15,2728.72,1975.81,752.91
O00297,2026-06-11,C0038,P104,Keyboard,Electronics,Khulna,Retail,4,2375.49,0.1,8551.76,5176.07,3375.69
O00298,2026-01-08,C0115,P108,Notebook,Stationery,Chattogram,Partner,1,182.09,0,182.09,114.89,67.2
O00299,2026-12-12,C0101,P104,Keyboard,Electronics,Rajshahi,Online,7,2316.18,0.05,15402.6,10736.14,4666.46
O00300,2025-05-04,C0200,P104,Keyboard,Electronics,Chattogram,Online,1,2301.39,0.15,1956.18,1323.01,633.17
O00301,2026-12-31,C0056,P104,Keyboard,Electronics,Khulna,Online,7,2145.21,0,15016.47,11230.03,3786.44
O00302,2025-08-21,C0226,P103,Trousers,Apparel,Khulna,Online,6,1617.3,0,9703.8,6999.51,2704.29
O00303,2025-04-29,C0008,P104,Keyboard,Electronics,Dhaka,Online,4,2285.33,0,9141.32,6188.31,2953.01
O00304,2025-07-11,C0187,P104,Keyboard,Electronics,Dhaka,Partner,6,2303.33,0.1,12437.98,8481.48,3956.5
O00305,2025-10-16,C0150,P101,Shirt,Apparel,Khulna,Online,2,762.64,0,1525.28,1053.87,471.41
O00306,2025-07-02,C0051,P108,Notebook,Stationery,Chattogram,Partner,2,183.53,0,367.06,220.96,146.1
O00307,2025-12-16,C0066,P102,Polo Shirt,Apparel,Chattogram,Retail,2,1108.2,0,2216.4,1477.98,738.42
O00308,2025-05-09,C0148,P103,Trousers,Apparel,Chattogram,Partner,1,1599.92,0,1599.92,1104.13,495.79
O00309,2025-03-07,C0006,P101,Shirt,Apparel,Rajshahi,Retail,1,776.73,0,776.73,470.24,306.49
O00310,2025-06-30,C0112,P106,Headset,Electronics,Chattogram,Retail,5,3367.12,0.15,14310.26,10621.57,3688.69
O00311,2025-07-29,C0021,P106,Headset,Electronics,Khulna,Online,4,3142.23,0.1,11312.03,7351.16,3960.87
O00312,2026-09-26,C0103,P106,Headset,Electronics,Dhaka,Online,1,3413.26,0,3413.26,2015.38,1397.88
O00313,2025-08-29,C0117,P105,Monitor,Electronics,Chattogram,Online,1,15334.01,0,15334.01,10700.05,4633.96
O00314,2025-02-15,C0151,P101,Shirt,Apparel,Rajshahi,Partner,6,847.14,0.15,4320.41,3107.97,1212.44
O00315,2026-11-21,C0213,P101,Shirt,Apparel,Chattogram,Online,4,780.15,0.05,2964.57,2181.21,783.36
O00316,2025-04-25,C0213,P108,Notebook,Stationery,Dhaka,Online,6,183.23,0.05,1044.41,736.76,307.65
O00317,2026-06-09,C0164,P108,Notebook,Stationery,Chattogram,Retail,1,187.0,0,187.0,133.32,53.68
O00318,2025-11-04,C0211,P104,Keyboard,Electronics,Chattogram,Partner,7,2306.22,0,16143.54,10371.55,5771.99
O00319,2026-05-05,C0119,P106,Headset,Electronics,Rajshahi,Partner,5,3445.49,0.15,14643.33,10445.43,4197.9
O00320,2026-01-16,C0179,P106,Headset,Electronics,Rajshahi,Online,5,3343.46,0,16717.3,10645.15,6072.15
O00321,2025-08-26,C0021,P107,Backpack,Accessories,Dhaka,Online,5,1684.94,0,8424.7,6126.2,2298.5
O00322,2025-12-04,C0073,P108,Notebook,Stationery,Chattogram,Online,5,184.88,0.15,785.74,479.59,306.15
O00323,2025-04-13,C0010,P104,Keyboard,Electronics,Khulna,Online,4,2330.69,0.1,8390.48,5020.32,3370.16
O00324,2026-12-07,C0066,P106,Headset,Electronics,Khulna,Partner,4,3018.48,0.05,11470.22,8149.42,3320.8
O00325,2025-06-16,C0232,P108,Notebook,Stationery,Chattogram,Retail,5,188.48,0,942.4,632.58,309.82
O00326,2026-10-02,C0087,P108,Notebook,Stationery,Dhaka,Online,1,171.86,0.15,146.08,92.57,53.51
O00327,2025-01-31,C0101,P106,Headset,Electronics,Khulna,Partner,5,3210.15,0.15,13643.14,8625.99,5017.15
O00328,2025-01-23,C0207,P101,Shirt,Apparel,Khulna,Partner,3,842.95,0,2528.85,1682.13,846.72
O00329,2025-05-03,C0077,P106,Headset,Electronics,Rajshahi,Online,1,3039.52,0.05,2887.54,1822.34,1065.2
O00330,2026-06-21,C0132,P102,Polo Shirt,Apparel,Chattogram,Retail,5,1198.1,0,5990.5,3865.62,2124.88
O00331,2025-05-30,C0139,P108,Notebook,Stationery,Dhaka,Partner,2,182.44,0.05,346.64,203.6,143.04
O00332,2026-02-09,C0234,P104,Keyboard,Electronics,Dhaka,Partner,2,2206.48,0.15,3751.02,2259.56,1491.46
O00333,2025-03-02,C0044,P104,Keyboard,Electronics,Rajshahi,Partner,2,2127.41,0,4254.82,3032.26,1222.56
O00334,2026-10-08,C0225,P108,Notebook,Stationery,Chattogram,Retail,3,182.44,0,547.32,351.21,196.11
O00335,2026-01-10,C0056,P101,Shirt,Apparel,Rajshahi,Retail,2,870.23,0.05,1653.44,1072.07,581.37
O00336,2025-10-24,C0193,P102,Polo Shirt,Apparel,Dhaka,Online,3,1153.29,0,3459.87,2321.09,1138.78
O00337,2025-09-21,C0234,P101,Shirt,Apparel,Dhaka,Partner,4,828.2,0.15,2815.88,1918.23,897.65
O00338,2025-05-27,C0075,P101,Shirt,Apparel,Dhaka,Online,5,855.85,0.15,3637.36,2507.74,1129.62
O00339,2026-08-03,C0086,P107,Backpack,Accessories,Dhaka,Partner,1,1678.88,0.15,1427.05,868.75,558.3
O00340,2025-10-30,C0118,P102,Polo Shirt,Apparel,Rajshahi,Partner,4,1133.46,0,4533.84,2797.41,1736.43
O00341,2025-04-21,C0038,P105,Monitor,Electronics,Dhaka,Online,7,15406.43,0.15,91668.26,55861.49,35806.77
O00342,2026-01-01,C0022,P102,Polo Shirt,Apparel,Chattogram,Partner,1,1074.07,0,1074.07,685.07,389.0
O00343,2025-12-11,C0041,P101,Shirt,Apparel,Chattogram,Online,7,771.01,0,5397.07,3263.18,2133.89
O00344,2026-10-18,C0149,P106,Headset,Electronics,Dhaka,Retail,7,3479.03,0,24353.21,15815.95,8537.26
O00345,2026-06-10,C0075,P103,Trousers,Apparel,Rajshahi,Online,7,1600.52,0.15,9523.09,6235.67,3287.42
O00346,2025-09-15,C0205,P106,Headset,Electronics,Khulna,Partner,1,3206.05,0.05,3045.75,1848.5,1197.25
O00347,2025-12-14,C0003,P104,Keyboard,Electronics,Dhaka,Partner,1,2231.25,0,2231.25,1669.37,561.88
O00348,2025-12-17,C0008,P102,Polo Shirt,Apparel,Khulna,Online,1,1066.46,0.15,906.49,538.19,368.3
O00349,2026-05-24,C0085,P104,Keyboard,Electronics,Dhaka,Partner,6,2085.88,0.15,10637.99,6322.69,4315.3
O00350,2026-03-10,C0184,P104,Keyboard,Electronics,Chattogram,Partner,1,2311.67,0.15,1964.92,1389.11,575.81
O00351,2025-07-01,C0091,P101,Shirt,Apparel,Khulna,Partner,1,798.56,0.1,718.7,537.59,181.11
O00352,2026-01-10,C0158,P101,Shirt,Apparel,Dhaka,Retail,2,777.11,0,1554.22,924.18,630.04
O00353,2025-09-02,C0208,P106,Headset,Electronics,Khulna,Retail,1,3306.95,0.1,2976.26,1994.32,981.94
O00354,2026-02-23,C0111,P103,Trousers,Apparel,Dhaka,Retail,1,1481.65,0,1481.65,975.76,505.89
O00355,2025-07-11,C0009,P108,Notebook,Stationery,Chattogram,Retail,1,169.97,0.05,161.47,97.22,64.25
O00356,2025-05-13,C0102,P101,Shirt,Apparel,Rajshahi,Online,6,783.27,0.1,4229.66,3010.36,1219.3
O00357,2026-07-23,C0095,P105,Monitor,Electronics,Rajshahi,Retail,7,14356.08,0.1,90443.3,67746.37,22696.93
O00358,2025-09-11,C0221,P106,Headset,Electronics,Chattogram,Partner,2,3269.98,0.15,5558.97,3548.11,2010.86
O00359,2026-04-19,C0130,P104,Keyboard,Electronics,Rajshahi,Partner,1,2125.46,0,2125.46,1336.6,788.86
O00360,2025-09-13,C0011,P101,Shirt,Apparel,Dhaka,Online,6,807.95,0.05,4605.32,2767.8,1837.52
O00361,2026-08-09,C0017,P106,Headset,Electronics,Chattogram,Online,4,3139.28,0.05,11929.26,7814.71,4114.55
O00362,2026-12-20,C0075,P106,Headset,Electronics,Khulna,Retail,7,3156.72,0.15,18782.48,13087.63,5694.85
O00363,2026-11-03,C0065,P104,Keyboard,Electronics,Khulna,Partner,1,2254.34,0,2254.34,1429.49,824.85
O00364,2025-08-09,C0022,P101,Shirt,Apparel,Chattogram,Retail,6,788.69,0.15,4022.32,2966.03,1056.29
O00365,2025-04-04,C0034,P108,Notebook,Stationery,Rajshahi,Partner,1,173.27,0.15,147.28,92.28,55.0
O00366,2026-04-06,C0234,P101,Shirt,Apparel,Rajshahi,Retail,3,816.14,0,2448.42,1613.56,834.86
O00367,2025-04-05,C0109,P105,Monitor,Electronics,Khulna,Partner,5,14148.93,0.15,60132.95,43884.15,16248.8
O00368,2026-09-09,C0186,P104,Keyboard,Electronics,Rajshahi,Online,4,2267.69,0,9070.76,6669.09,2401.67
O00369,2026-07-03,C0180,P106,Headset,Electronics,Rajshahi,Partner,1,3166.6,0.15,2691.61,1875.88,815.73
O00370,2025-02-22,C0195,P105,Monitor,Electronics,Khulna,Online,5,13903.93,0.05,66043.67,49968.25,16075.42
O00371,2025-07-07,C0147,P108,Notebook,Stationery,Rajshahi,Online,6,181.67,0.05,1035.52,755.4,280.12
O00372,2025-10-17,C0177,P101,Shirt,Apparel,Chattogram,Retail,6,865.9,0.05,4935.63,2924.27,2011.36
O00373,2025-05-06,C0192,P105,Monitor,Electronics,Rajshahi,Partner,5,14158.13,0.1,63711.58,42355.18,21356.4
O00374,2026-07-29,C0179,P103,Trousers,Apparel,Khulna,Online,7,1445.38,0.1,9105.89,6910.29,2195.6
O00375,2025-07-13,C0106,P103,Trousers,Apparel,Khulna,Retail,1,1465.55,0.15,1245.72,842.17,403.55
O00376,2026-11-20,C0053,P103,Trousers,Apparel,Chattogram,Online,2,1395.71,0,2791.42,1906.95,884.47
O00377,2026-01-20,C0097,P108,Notebook,Stationery,Rajshahi,Online,6,192.05,0,1152.3,780.47,371.83
O00378,2026-07-03,C0149,P101,Shirt,Apparel,Khulna,Partner,7,845.83,0,5920.81,3874.62,2046.19
O00379,2026-06-24,C0121,P102,Polo Shirt,Apparel,Khulna,Partner,1,1030.03,0.1,927.03,599.34,327.69
O00380,2025-01-05,C0046,P105,Monitor,Electronics,Khulna,Online,6,15519.53,0.05,88461.32,66181.95,22279.37
O00381,2025-02-26,C0090,P101,Shirt,Apparel,Chattogram,Online,4,801.74,0,3206.96,2252.69,954.27
O00382,2026-07-26,C0043,P108,Notebook,Stationery,Dhaka,Online,6,182.32,0,1093.92,784.12,309.8
O00383,2026-12-19,C0085,P104,Keyboard,Electronics,Khulna,Retail,4,2352.46,0,9409.84,6610.49,2799.35
O00384,2026-05-10,C0004,P104,Keyboard,Electronics,Rajshahi,Partner,7,2366.1,0.15,14078.3,10046.84,4031.46
O00385,2026-11-13,C0231,P101,Shirt,Apparel,Khulna,Online,6,860.07,0.1,4644.38,3151.78,1492.6
O00386,2025-07-12,C0133,P102,Polo Shirt,Apparel,Chattogram,Online,5,1187.73,0,5938.65,4128.41,1810.24
O00387,2026-02-11,C0165,P107,Backpack,Accessories,Khulna,Retail,1,1910.87,0.1,1719.78,1059.35,660.43
O00388,2026-08-28,C0102,P102,Polo Shirt,Apparel,Rajshahi,Online,6,1165.91,0,6995.46,4680.44,2315.02
O00389,2026-03-10,C0009,P108,Notebook,Stationery,Khulna,Partner,7,192.19,0.05,1278.06,900.18,377.88
O00390,2025-05-07,C0157,P103,Trousers,Apparel,Chattogram,Online,6,1565.79,0.1,8455.27,5760.93,2694.34
O00391,2026-01-23,C0039,P107,Backpack,Accessories,Rajshahi,Online,4,1864.87,0.1,6713.53,4648.73,2064.8
O00392,2026-12-09,C0042,P106,Headset,Electronics,Dhaka,Partner,1,3221.03,0,3221.03,1965.23,1255.8
O00393,2025-10-19,C0067,P106,Headset,Electronics,Rajshahi,Retail,4,3400.67,0.05,12922.55,9448.18,3474.37
O00394,2025-07-29,C0235,P105,Monitor,Electronics,Khulna,Partner,2,14203.89,0,28407.78,21285.41,7122.37
O00395,2025-09-01,C0192,P107,Backpack,Accessories,Dhaka,Partner,7,1794.76,0.15,10678.82,7970.64,2708.18
O00396,2025-11-24,C0157,P101,Shirt,Apparel,Dhaka,Retail,2,764.24,0.05,1452.06,1040.47,411.59
O00397,2026-10-05,C0124,P101,Shirt,Apparel,Chattogram,Retail,6,803.21,0,4819.26,3189.79,1629.47
O00398,2025-07-04,C0116,P104,Keyboard,Electronics,Chattogram,Retail,1,2182.43,0,2182.43,1280.17,902.26
O00399,2026-05-12,C0166,P107,Backpack,Accessories,Chattogram,Online,5,1901.16,0.1,8555.22,5855.71,2699.51
O00400,2026-08-16,C0172,P104,Keyboard,Electronics,Khulna,Online,7,2046.62,0,14326.34,10056.94,4269.4
O00401,2025-12-31,C0028,P102,Polo Shirt,Apparel,Dhaka,Online,2,1116.42,0.05,2121.2,1385.3,735.9
O00402,2026-03-11,C0114,P108,Notebook,Stationery,Dhaka,Partner,3,169.58,0.15,432.43,326.45,105.98
O00403,2026-05-12,C0147,P103,Trousers,Apparel,Chattogram,Partner,6,1512.08,0,9072.48,5526.06,3546.42
O00404,2025-05-22,C0002,P103,Trousers,Apparel,Dhaka,Partner,2,1465.34,0.05,2784.15,2018.08,766.07
O00405,2025-07-09,C0021,P101,Shirt,Apparel,Chattogram,Online,6,818.89,0.1,4422.01,2895.08,1526.93
O00406,2025-07-10,C0004,P102,Polo Shirt,Apparel,Chattogram,Partner,7,1028.36,0.05,6838.59,4179.72,2658.87
O00407,2025-01-11,C0011,P101,Shirt,Apparel,Dhaka,Online,2,863.34,0,1726.68,1035.21,691.47
O00408,2025-08-19,C0194,P107,Backpack,Accessories,Rajshahi,Partner,5,1865.68,0.05,8861.98,5279.2,3582.78
O00409,2025-08-08,C0013,P106,Headset,Electronics,Khulna,Retail,2,3167.71,0.05,6018.65,4384.56,1634.09
O00410,2026-11-19,C0079,P108,Notebook,Stationery,Dhaka,Retail,3,176.78,0,530.34,392.93,137.41
O00411,2026-11-15,C0126,P106,Headset,Electronics,Rajshahi,Retail,1,3318.3,0.15,2820.56,1936.55,884.01
O00412,2026-08-23,C0052,P104,Keyboard,Electronics,Chattogram,Online,2,2069.46,0,4138.92,2580.09,1558.83
O00413,2026-07-04,C0208,P108,Notebook,Stationery,Rajshahi,Retail,5,184.31,0,921.55,634.1,287.45
O00414,2025-06-25,C0036,P103,Trousers,Apparel,Rajshahi,Online,4,1598.3,0,6393.2,4579.46,1813.74
O00415,2025-10-16,C0083,P101,Shirt,Apparel,Rajshahi,Partner,5,864.47,0,4322.35,2546.18,1776.17
O00416,2026-05-12,C0123,P101,Shirt,Apparel,Chattogram,Online,2,771.88,0,1543.76,993.25,550.51
O00417,2026-06-16,C0002,P102,Polo Shirt,Apparel,Khulna,Online,6,1189.37,0.1,6422.6,4253.01,2169.59
O00418,2025-07-21,C0088,P101,Shirt,Apparel,Chattogram,Online,6,835.8,0.1,4513.32,3316.27,1197.05
O00419,2026-10-05,C0006,P105,Monitor,Electronics,Khulna,Online,6,13571.78,0.15,69216.08,43627.14,25588.94
O00420,2026-07-13,C0151,P104,Keyboard,Electronics,Rajshahi,Partner,3,2284.32,0.1,6167.66,4109.27,2058.39
O00421,2025-01-10,C0226,P107,Backpack,Accessories,Khulna,Online,6,1873.44,0.1,10116.58,6052.07,4064.51
O00422,2026-03-31,C0130,P105,Monitor,Electronics,Chattogram,Partner,5,15137.72,0,75688.6,45354.66,30333.94
O00423,2026-09-06,C0106,P108,Notebook,Stationery,Rajshahi,Partner,2,185.26,0.1,333.47,234.87,98.6
O00424,2026-03-13,C0188,P106,Headset,Electronics,Chattogram,Online,5,3213.08,0.1,14458.86,8705.94,5752.92
O00425,2026-12-06,C0070,P101,Shirt,Apparel,Khulna,Retail,1,795.33,0.1,715.8,436.77,279.03
O00426,2025-07-28,C0182,P105,Monitor,Electronics,Dhaka,Online,5,13954.34,0,69771.7,51587.72,18183.98
O00427,2026-10-30,C0141,P104,Keyboard,Electronics,Rajshahi,Partner,3,2164.96,0.1,5845.39,3737.07,2108.32
O00428,2026-01-12,C0090,P107,Backpack,Accessories,Rajshahi,Online,6,1750.33,0.05,9976.88,6910.22,3066.66
O00429,2025-09-21,C0090,P104,Keyboard,Electronics,Rajshahi,Retail,1,2162.28,0,2162.28,1580.87,581.41
O00430,2025-10-09,C0148,P104,Keyboard,Electronics,Chattogram,Partner,4,2185.41,0,8741.64,6192.33,2549.31
O00431,2025-05-24,C0195,P102,Polo Shirt,Apparel,Chattogram,Partner,7,1186.79,0.05,7892.15,5418.83,2473.32
O00432,2025-01-12,C0209,P106,Headset,Electronics,Chattogram,Online,4,3389.44,0,13557.76,9332.08,4225.68
O00433,2025-08-12,C0206,P104,Keyboard,Electronics,Khulna,Online,4,2069.29,0,8277.16,5021.68,3255.48
O00434,2025-08-31,C0013,P103,Trousers,Apparel,Khulna,Retail,1,1527.34,0,1527.34,1146.21,381.13
O00435,2025-06-22,C0114,P102,Polo Shirt,Apparel,Chattogram,Online,6,1076.27,0,6457.62,4281.42,2176.2
O00436,2025-01-25,C0149,P106,Headset,Electronics,Dhaka,Partner,3,3214.56,0.15,8197.13,6028.83,2168.3
O00437,2026-02-02,C0041,P102,Polo Shirt,Apparel,Rajshahi,Partner,3,1113.32,0.15,2838.97,2131.22,707.75
O00438,2025-09-08,C0146,P104,Keyboard,Electronics,Chattogram,Online,6,2207.11,0,13242.66,9026.89,4215.77
O00439,2026-12-31,C0046,P104,Keyboard,Electronics,Khulna,Retail,2,2120.32,0.1,3816.58,2377.77,1438.81
O00440,2025-01-23,C0113,P101,Shirt,Apparel,Chattogram,Retail,5,807.29,0.15,3430.98,2490.67,940.31
O00441,2026-10-09,C0192,P103,Trousers,Apparel,Khulna,Online,2,1428.55,0,2857.1,1843.51,1013.59
O00442,2025-12-18,C0108,P107,Backpack,Accessories,Rajshahi,Online,5,1830.02,0,9150.1,6135.82,3014.28
O00443,2025-03-01,C0218,P108,Notebook,Stationery,Dhaka,Partner,5,189.36,0.05,899.46,628.22,271.24
O00444,2025-07-05,C0006,P102,Polo Shirt,Apparel,Chattogram,Partner,7,1051.5,0.1,6624.45,3862.98,2761.47
O00445,2026-10-28,C0045,P105,Monitor,Electronics,Chattogram,Partner,5,14698.93,0,73494.65,55788.13,17706.52
O00446,2026-10-26,C0093,P104,Keyboard,Electronics,Khulna,Retail,6,2372.89,0,14237.34,8486.76,5750.58
O00447,2025-04-09,C0024,P106,Headset,Electronics,Khulna,Partner,6,3402.22,0.05,19392.65,13462.36,5930.29
O00448,2025-04-04,C0095,P102,Polo Shirt,Apparel,Rajshahi,Retail,1,1151.68,0.1,1036.51,682.18,354.33
O00449,2026-09-24,C0197,P104,Keyboard,Electronics,Khulna,Partner,3,2288.03,0.05,6520.89,3964.0,2556.89
O00450,2026-08-23,C0093,P103,Trousers,Apparel,Khulna,Retail,4,1410.56,0,5642.24,3621.18,2021.06
O00451,2026-10-14,C0176,P106,Headset,Electronics,Rajshahi,Partner,3,3072.3,0.05,8756.06,5727.22,3028.84
O00452,2025-12-27,C0043,P106,Headset,Electronics,Rajshahi,Retail,2,3424.41,0,6848.82,5046.27,1802.55
O00453,2026-06-23,C0104,P104,Keyboard,Electronics,Chattogram,Online,1,2246.28,0.1,2021.65,1306.94,714.71
O00454,2025-04-14,C0021,P103,Trousers,Apparel,Chattogram,Partner,5,1612.98,0.05,7661.65,5141.24,2520.41
O00455,2026-11-07,C0199,P102,Polo Shirt,Apparel,Rajshahi,Online,2,1171.52,0.05,2225.89,1351.98,873.91
O00456,2026-08-08,C0132,P106,Headset,Electronics,Khulna,Partner,6,3356.86,0.15,17119.99,10574.14,6545.85
O00457,2026-01-17,C0176,P103,Trousers,Apparel,Dhaka,Partner,1,1404.67,0,1404.67,965.16,439.51
O00458,2026-08-09,C0162,P103,Trousers,Apparel,Chattogram,Retail,3,1608.24,0.15,4101.01,2526.93,1574.08
O00459,2026-05-25,C0036,P101,Shirt,Apparel,Rajshahi,Partner,5,771.13,0.1,3470.09,2138.3,1331.79
O00460,2025-02-13,C0022,P104,Keyboard,Electronics,Rajshahi,Partner,4,2336.43,0.05,8878.43,5905.0,2973.43
O00461,2026-10-15,C0084,P102,Polo Shirt,Apparel,Rajshahi,Retail,3,1046.06,0.15,2667.45,1665.4,1002.05
O00462,2026-06-07,C0114,P107,Backpack,Accessories,Rajshahi,Partner,2,1840.76,0,3681.52,2173.11,1508.41
O00463,2025-09-02,C0036,P102,Polo Shirt,Apparel,Chattogram,Online,2,1172.03,0,2344.06,1601.15,742.91
O00464,2026-07-15,C0226,P102,Polo Shirt,Apparel,Rajshahi,Partner,7,1063.38,0.05,7071.48,5169.13,1902.35
O00465,2026-11-03,C0237,P103,Trousers,Apparel,Chattogram,Online,1,1616.11,0,1616.11,1160.27,455.84
O00466,2025-04-05,C0094,P108,Notebook,Stationery,Rajshahi,Retail,1,194.06,0,194.06,119.11,74.95
O00467,2026-07-23,C0218,P104,Keyboard,Electronics,Khulna,Partner,4,2362.33,0.1,8504.39,5893.52,2610.87
O00468,2025-01-15,C0225,P101,Shirt,Apparel,Dhaka,Partner,6,769.53,0.15,3924.6,2391.95,1532.65
O00469,2025-07-04,C0159,P103,Trousers,Apparel,Chattogram,Online,4,1563.56,0,6254.24,4431.29,1822.95
O00470,2025-10-23,C0149,P104,Keyboard,Electronics,Chattogram,Online,6,2335.1,0,14010.6,9170.84,4839.76
O00471,2025-07-19,C0007,P106,Headset,Electronics,Dhaka,Online,4,3472.2,0.1,12499.92,8092.97,4406.95
O00472,2025-05-22,C0009,P103,Trousers,Apparel,Rajshahi,Partner,2,1615.67,0.15,2746.64,1606.14,1140.5
O00473,2025-10-19,C0002,P105,Monitor,Electronics,Dhaka,Partner,4,15318.34,0,61273.36,39930.98,21342.38
O00474,2026-04-15,C0164,P108,Notebook,Stationery,Dhaka,Retail,5,191.94,0,959.7,668.61,291.09
O00475,2025-09-10,C0215,P104,Keyboard,Electronics,Dhaka,Online,3,2102.12,0.1,5675.72,4306.85,1368.87
O00476,2026-03-24,C0062,P106,Headset,Electronics,Chattogram,Partner,6,3454.43,0,20726.58,14806.44,5920.14
O00477,2025-04-07,C0067,P105,Monitor,Electronics,Rajshahi,Partner,1,15783.52,0,15783.52,9415.74,6367.78
O00478,2026-04-14,C0090,P107,Backpack,Accessories,Khulna,Partner,5,1799.22,0.15,7646.69,4574.47,3072.22
O00479,2025-11-30,C0203,P102,Polo Shirt,Apparel,Dhaka,Partner,6,1141.4,0.15,5821.14,4318.97,1502.17
O00480,2025-09-20,C0148,P101,Shirt,Apparel,Chattogram,Retail,1,806.92,0,806.92,551.86,255.06
O00481,2026-11-23,C0053,P103,Trousers,Apparel,Rajshahi,Online,6,1607.5,0.05,9162.75,6164.4,2998.35
O00482,2026-07-06,C0084,P101,Shirt,Apparel,Dhaka,Online,1,853.81,0.1,768.43,488.09,280.34
O00483,2025-04-19,C0155,P103,Trousers,Apparel,Rajshahi,Retail,6,1577.91,0,9467.46,6524.56,2942.9
O00484,2026-09-12,C0082,P106,Headset,Electronics,Chattogram,Online,5,3267.18,0.1,14702.31,10571.73,4130.58
O00485,2026-02-01,C0078,P106,Headset,Electronics,Khulna,Partner,1,3134.66,0.15,2664.46,2002.11,662.35
O00486,2026-07-31,C0131,P104,Keyboard,Electronics,Rajshahi,Retail,7,2149.47,0,15046.29,9859.91,5186.38
O00487,2025-01-02,C0166,P101,Shirt,Apparel,Dhaka,Retail,5,801.64,0,4008.2,2377.97,1630.23
O00488,2026-06-11,C0065,P104,Keyboard,Electronics,Dhaka,Retail,2,2259.74,0.15,3841.56,2544.01,1297.55
O00489,2026-01-07,C0232,P105,Monitor,Electronics,Chattogram,Retail,6,15710.93,0,94265.58,61442.78,32822.8
O00490,2025-06-29,C0138,P107,Backpack,Accessories,Khulna,Partner,3,1795.44,0.05,5117.0,3358.73,1758.27
O00491,2025-02-14,C0119,P107,Backpack,Accessories,Khulna,Retail,1,1789.31,0.05,1699.84,1133.32,566.52
O00492,2026-01-28,C0157,P106,Headset,Electronics,Dhaka,Retail,4,3348.06,0.05,12722.63,7770.7,4951.93
O00493,2026-06-03,C0038,P104,Keyboard,Electronics,Dhaka,Online,4,2233.42,0.1,8040.31,5776.5,2263.81
O00494,2025-12-09,C0234,P102,Polo Shirt,Apparel,Chattogram,Retail,7,1083.93,0,7587.51,4718.29,2869.22
O00495,2026-08-23,C0178,P103,Trousers,Apparel,Dhaka,Retail,1,1444.17,0,1444.17,1001.26,442.91
O00496,2026-03-08,C0063,P108,Notebook,Stationery,Dhaka,Online,6,177.07,0,1062.42,653.15,409.27
O00497,2025-02-09,C0061,P106,Headset,Electronics,Khulna,Partner,5,3417.69,0.15,14525.18,8823.12,5702.06
O00498,2025-05-15,C0193,P107,Backpack,Accessories,Rajshahi,Online,3,1795.35,0,5386.05,3129.21,2256.84
O00499,2026-09-15,C0119,P108,Notebook,Stationery,Rajshahi,Partner,3,172.93,0,518.79,325.43,193.36
O00500,2025-09-09,C0002,P104,Keyboard,Electronics,Chattogram,Retail,2,2152.27,0.1,3874.09,2844.48,1029.61
O00501,2026-12-18,C0163,P108,Notebook,Stationery,Chattogram,Online,5,190.35,0.15,808.99,613.56,195.43
O00502,2025-10-17,C0069,P108,Notebook,Stationery,Khulna,Online,4,169.84,0.1,611.42,418.48,192.94
O00503,2025-11-28,C0238,P104,Keyboard,Electronics,Chattogram,Online,6,2048.53,0.05,11676.62,6910.2,4766.42
O00504,2026-07-12,C0124,P107,Backpack,Accessories,Khulna,Online,2,1723.1,0,3446.2,2081.44,1364.76
O00505,2025-10-26,C0239,P104,Keyboard,Electronics,Chattogram,Partner,7,2292.0,0,16044.0,11458.98,4585.02
O00506,2025-12-13,C0140,P101,Shirt,Apparel,Dhaka,Online,2,777.28,0,1554.56,1152.57,401.99
O00507,2026-06-20,C0136,P103,Trousers,Apparel,Khulna,Partner,1,1605.79,0.15,1364.92,937.24,427.68
O00508,2026-04-10,C0073,P105,Monitor,Electronics,Dhaka,Retail,5,14949.8,0.1,67274.1,44844.99,22429.11
O00509,2026-08-13,C0164,P105,Monitor,Electronics,Chattogram,Retail,1,13599.66,0.15,11559.71,8738.95,2820.76
O00510,2025-01-16,C0214,P101,Shirt,Apparel,Khulna,Partner,1,816.74,0.15,694.23,489.79,204.44
O00511,2026-09-10,C0139,P106,Headset,Electronics,Dhaka,Online,5,3111.95,0.15,13225.79,8995.64,4230.15
O00512,2026-10-29,C0189,P105,Monitor,Electronics,Rajshahi,Partner,3,14994.0,0,44982.0,33250.31,11731.69
O00513,2026-05-02,C0173,P107,Backpack,Accessories,Rajshahi,Retail,4,1777.61,0.15,6043.87,4022.74,2021.13
O00514,2025-07-12,C0162,P106,Headset,Electronics,Khulna,Online,1,3409.17,0,3409.17,2410.84,998.33
O00515,2025-02-04,C0021,P105,Monitor,Electronics,Rajshahi,Partner,3,14411.0,0.15,36748.05,23120.82,13627.23
O00516,2026-10-31,C0117,P104,Keyboard,Electronics,Khulna,Retail,4,2378.47,0,9513.88,5708.51,3805.37
O00517,2025-10-08,C0236,P107,Backpack,Accessories,Rajshahi,Retail,2,1702.93,0.1,3065.27,1990.92,1074.35
O00518,2025-08-21,C0093,P107,Backpack,Accessories,Chattogram,Partner,5,1854.88,0.05,8810.68,5236.83,3573.85
O00519,2025-07-04,C0238,P108,Notebook,Stationery,Chattogram,Online,6,195.76,0.1,1057.1,720.2,336.9
O00520,2026-07-19,C0185,P105,Monitor,Electronics,Chattogram,Retail,4,13657.35,0.15,46434.99,32745.37,13689.62
O00521,2025-04-09,C0229,P107,Backpack,Accessories,Chattogram,Online,2,1686.52,0.05,3204.39,2112.23,1092.16
O00522,2025-01-27,C0094,P107,Backpack,Accessories,Chattogram,Online,5,1681.01,0,8405.05,5680.45,2724.6
O00523,2026-02-27,C0024,P108,Notebook,Stationery,Chattogram,Retail,4,170.81,0,683.24,491.57,191.67
O00524,2026-10-12,C0213,P104,Keyboard,Electronics,Khulna,Retail,4,2323.26,0.1,8363.74,5870.3,2493.44
O00525,2026-10-13,C0059,P107,Backpack,Accessories,Khulna,Retail,5,1855.06,0.05,8811.53,6155.64,2655.89
O00526,2026-04-07,C0160,P108,Notebook,Stationery,Chattogram,Online,3,182.28,0.15,464.81,322.35,142.46
O00527,2026-11-18,C0137,P106,Headset,Electronics,Khulna,Online,6,3076.87,0.15,15692.04,9432.38,6259.66
O00528,2025-12-24,C0067,P104,Keyboard,Electronics,Rajshahi,Retail,2,2394.15,0,4788.3,2972.63,1815.67
O00529,2025-11-13,C0148,P106,Headset,Electronics,Dhaka,Partner,7,3300.61,0,23104.27,13594.79,9509.48
O00530,2025-08-22,C0129,P101,Shirt,Apparel,Rajshahi,Online,6,859.83,0,5158.98,3436.05,1722.93
O00531,2026-09-15,C0082,P101,Shirt,Apparel,Dhaka,Online,1,768.14,0,768.14,456.59,311.55
O00532,2025-11-05,C0191,P108,Notebook,Stationery,Dhaka,Partner,1,179.01,0.1,161.11,104.73,56.38
O00533,2026-03-03,C0087,P105,Monitor,Electronics,Chattogram,Online,7,14196.59,0.1,89438.52,60956.08,28482.44
O00534,2025-03-25,C0227,P104,Keyboard,Electronics,Chattogram,Online,3,2280.97,0.1,6158.62,3935.56,2223.06
O00535,2025-11-01,C0110,P105,Monitor,Electronics,Rajshahi,Partner,3,14642.03,0.05,41729.79,24393.59,17336.2
O00536,2026-07-09,C0227,P103,Trousers,Apparel,Chattogram,Retail,5,1549.27,0,7746.35,5833.99,1912.36
O00537,2025-05-26,C0016,P104,Keyboard,Electronics,Rajshahi,Partner,2,2246.71,0.1,4044.08,2740.19,1303.89
O00538,2025-07-05,C0136,P101,Shirt,Apparel,Chattogram,Online,5,774.07,0.1,3483.32,2508.77,974.55
O00539,2025-10-03,C0089,P106,Headset,Electronics,Dhaka,Partner,6,3105.33,0.15,15837.18,11662.9,4174.28
O00540,2025-08-12,C0061,P103,Trousers,Apparel,Rajshahi,Retail,7,1580.22,0.05,10508.46,7775.25,2733.21
O00541,2026-12-24,C0198,P103,Trousers,Apparel,Rajshahi,Online,6,1559.02,0.05,8886.41,6128.79,2757.62
O00542,2025-10-15,C0181,P103,Trousers,Apparel,Chattogram,Online,2,1540.29,0.05,2926.55,2049.48,877.07
O00543,2026-04-05,C0027,P108,Notebook,Stationery,Khulna,Partner,5,177.07,0,885.35,543.17,342.18
O00544,2025-12-10,C0095,P107,Backpack,Accessories,Khulna,Retail,7,1799.82,0,12598.74,8743.59,3855.15
O00545,2025-08-30,C0178,P107,Backpack,Accessories,Rajshahi,Retail,3,1890.69,0.1,5104.86,3405.11,1699.75
O00546,2026-12-19,C0007,P103,Trousers,Apparel,Rajshahi,Retail,5,1522.26,0,7611.3,5436.56,2174.74
O00547,2025-09-05,C0140,P104,Keyboard,Electronics,Khulna,Retail,4,2336.6,0,9346.4,5578.06,3768.34
O00548,2026-10-27,C0219,P103,Trousers,Apparel,Khulna,Partner,3,1404.89,0,4214.67,3043.27,1171.4
O00549,2026-06-18,C0085,P108,Notebook,Stationery,Dhaka,Retail,2,169.73,0.1,305.51,203.56,101.95
O00550,2025-05-21,C0184,P103,Trousers,Apparel,Chattogram,Partner,3,1489.25,0,4467.75,2772.37,1695.38
O00551,2026-11-18,C0039,P102,Polo Shirt,Apparel,Khulna,Partner,3,1195.39,0,3586.17,2644.63,941.54
O00552,2026-07-29,C0169,P107,Backpack,Accessories,Khulna,Retail,3,1834.68,0,5504.04,4042.46,1461.58
O00553,2025-04-02,C0070,P103,Trousers,Apparel,Chattogram,Online,1,1594.84,0,1594.84,1186.47,408.37
O00554,2026-01-16,C0085,P108,Notebook,Stationery,Khulna,Partner,4,168.43,0.05,640.03,378.06,261.97
O00555,2026-07-09,C0140,P102,Polo Shirt,Apparel,Dhaka,Retail,2,1056.95,0.1,1902.51,1329.22,573.29
O00556,2026-09-28,C0180,P102,Polo Shirt,Apparel,Chattogram,Retail,2,1082.31,0,2164.62,1265.81,898.81
O00557,2025-05-13,C0072,P104,Keyboard,Electronics,Rajshahi,Retail,2,2304.66,0,4609.32,3120.52,1488.8
O00558,2025-12-07,C0185,P105,Monitor,Electronics,Rajshahi,Retail,5,14158.9,0,70794.5,53325.61,17468.89
O00559,2026-11-02,C0225,P108,Notebook,Stationery,Khulna,Retail,6,183.06,0.1,988.52,741.32,247.2
O00560,2026-06-30,C0190,P107,Backpack,Accessories,Rajshahi,Online,1,1748.45,0.05,1661.03,968.82,692.21
O00561,2026-01-03,C0139,P106,Headset,Electronics,Khulna,Retail,5,3244.99,0,16224.95,10960.42,5264.53
O00562,2025-12-27,C0138,P101,Shirt,Apparel,Dhaka,Partner,1,794.73,0.15,675.52,416.12,259.4
O00563,2026-12-11,C0212,P101,Shirt,Apparel,Dhaka,Online,4,815.99,0.05,3100.76,2172.1,928.66
O00564,2026-04-14,C0211,P102,Polo Shirt,Apparel,Dhaka,Retail,3,1030.72,0.1,2782.94,2081.04,701.9
O00565,2025-10-05,C0045,P108,Notebook,Stationery,Rajshahi,Partner,4,183.48,0,733.92,502.85,231.07
O00566,2025-10-01,C0214,P105,Monitor,Electronics,Rajshahi,Partner,4,14606.65,0.15,49662.61,32601.24,17061.37
O00567,2025-03-19,C0219,P107,Backpack,Accessories,Rajshahi,Partner,7,1728.58,0.05,11495.06,7111.59,4383.47
O00568,2025-01-12,C0136,P102,Polo Shirt,Apparel,Rajshahi,Partner,7,1061.18,0,7428.26,4818.74,2609.52
O00569,2026-08-15,C0164,P105,Monitor,Electronics,Dhaka,Retail,3,13718.97,0.1,37041.22,24281.95,12759.27
O00570,2026-12-08,C0068,P108,Notebook,Stationery,Dhaka,Partner,4,189.11,0,756.44,559.5,196.94
O00571,2026-07-12,C0105,P105,Monitor,Electronics,Chattogram,Partner,1,13982.93,0,13982.93,10180.77,3802.16
O00572,2025-04-08,C0071,P102,Polo Shirt,Apparel,Dhaka,Retail,3,1117.51,0,3352.53,2398.22,954.31
O00573,2026-12-20,C0004,P102,Polo Shirt,Apparel,Chattogram,Online,1,1035.64,0.05,983.86,746.29,237.57
O00574,2025-02-20,C0027,P108,Notebook,Stationery,Chattogram,Online,4,178.83,0,715.32,517.02,198.3
O00575,2025-07-09,C0097,P107,Backpack,Accessories,Rajshahi,Retail,1,1868.93,0.1,1682.04,1021.44,660.6
O00576,2025-09-03,C0060,P108,Notebook,Stationery,Chattogram,Retail,5,181.37,0,906.85,677.66,229.19
O00577,2026-05-09,C0014,P102,Polo Shirt,Apparel,Dhaka,Partner,7,1101.77,0,7712.39,5634.62,2077.77
O00578,2025-09-23,C0079,P108,Notebook,Stationery,Chattogram,Partner,6,189.63,0,1137.78,836.55,301.23
O00579,2026-12-28,C0148,P105,Monitor,Electronics,Rajshahi,Retail,7,15453.78,0.15,91949.99,66751.81,25198.18
O00580,2026-08-15,C0031,P104,Keyboard,Electronics,Rajshahi,Online,7,2192.44,0,15347.08,10712.51,4634.57
O00581,2026-07-04,C0069,P103,Trousers,Apparel,Rajshahi,Partner,5,1575.97,0.15,6697.87,4247.0,2450.87
O00582,2025-11-01,C0215,P105,Monitor,Electronics,Chattogram,Retail,5,14509.02,0.1,65290.59,42066.7,23223.89
O00583,2026-01-12,C0041,P108,Notebook,Stationery,Khulna,Partner,2,181.55,0,363.1,255.78,107.32
O00584,2025-04-16,C0211,P107,Backpack,Accessories,Rajshahi,Partner,6,1896.28,0,11377.68,6933.6,4444.08
O00585,2025-03-25,C0102,P105,Monitor,Electronics,Khulna,Partner,5,14842.97,0,74214.85,51191.79,23023.06
O00586,2025-03-11,C0146,P105,Monitor,Electronics,Chattogram,Partner,6,13865.41,0.05,79032.84,52495.56,26537.28
O00587,2026-02-17,C0074,P101,Shirt,Apparel,Chattogram,Retail,6,811.83,0.15,4140.33,3062.71,1077.62
O00588,2026-06-16,C0127,P104,Keyboard,Electronics,Dhaka,Retail,7,2251.6,0,15761.2,9398.93,6362.27
O00589,2025-03-06,C0012,P107,Backpack,Accessories,Dhaka,Partner,2,1742.32,0.1,3136.18,2012.02,1124.16
O00590,2026-01-04,C0217,P104,Keyboard,Electronics,Khulna,Partner,7,2235.9,0,15651.3,11426.01,4225.29
O00591,2025-08-14,C0174,P105,Monitor,Electronics,Khulna,Retail,4,15800.31,0.05,60041.18,36431.9,23609.28
O00592,2026-10-05,C0012,P104,Keyboard,Electronics,Chattogram,Retail,7,2203.58,0,15425.06,9055.56,6369.5
O00593,2025-05-03,C0035,P108,Notebook,Stationery,Rajshahi,Online,5,172.32,0.1,775.44,562.29,213.15
O00594,2025-03-12,C0238,P102,Polo Shirt,Apparel,Khulna,Partner,1,1157.29,0,1157.29,781.43,375.86
O00595,2026-03-24,C0101,P102,Polo Shirt,Apparel,Khulna,Retail,2,1025.47,0,2050.94,1444.7,606.24
O00596,2025-01-21,C0161,P104,Keyboard,Electronics,Khulna,Partner,3,2360.03,0.15,6018.08,4290.58,1727.5
O00597,2026-12-18,C0006,P102,Polo Shirt,Apparel,Dhaka,Partner,7,1150.1,0,8050.7,5226.17,2824.53
O00598,2025-01-09,C0066,P101,Shirt,Apparel,Rajshahi,Retail,2,802.75,0.1,1444.95,911.5,533.45
O00599,2025-07-01,C0130,P106,Headset,Electronics,Rajshahi,Retail,7,3010.48,0,21073.36,12278.74,8794.62
O00600,2025-12-19,C0052,P103,Trousers,Apparel,Khulna,Partner,1,1470.6,0.05,1397.07,1060.88,336.19
O00601,2025-06-20,C0008,P108,Notebook,Stationery,Dhaka,Online,5,190.94,0,954.7,717.7,237.0
O00602,2025-05-22,C0237,P105,Monitor,Electronics,Khulna,Online,2,13642.0,0.15,23191.4,14563.85,8627.55
O00603,2025-06-09,C0024,P102,Polo Shirt,Apparel,Rajshahi,Retail,2,1040.15,0.1,1872.27,1195.53,676.74
O00604,2025-01-10,C0069,P101,Shirt,Apparel,Chattogram,Online,1,826.99,0.1,744.29,516.9,227.39
O00605,2026-10-29,C0148,P108,Notebook,Stationery,Khulna,Online,2,175.5,0,351.0,219.97,131.03
O00606,2025-08-07,C0035,P108,Notebook,Stationery,Rajshahi,Online,3,173.8,0.05,495.33,291.74,203.59
O00607,2025-03-02,C0161,P105,Monitor,Electronics,Dhaka,Retail,6,14694.71,0.15,74943.02,47858.96,27084.06
O00608,2025-09-18,C0224,P105,Monitor,Electronics,Rajshahi,Partner,5,13748.94,0,68744.7,51236.58,17508.12
O00609,2025-05-09,C0173,P101,Shirt,Apparel,Chattogram,Partner,5,855.81,0,4279.05,2647.75,1631.3
O00610,2026-02-07,C0191,P104,Keyboard,Electronics,Dhaka,Partner,2,2253.26,0,4506.52,2637.06,1869.46
O00611,2025-10-14,C0006,P103,Trousers,Apparel,Chattogram,Retail,4,1622.87,0.1,5842.33,3764.55,2077.78
O00612,2026-08-04,C0191,P105,Monitor,Electronics,Dhaka,Online,4,14976.9,0,59907.6,40638.25,19269.35
O00613,2025-12-09,C0126,P105,Monitor,Electronics,Khulna,Online,7,15250.7,0,106754.9,71844.13,34910.77
O00614,2025-03-25,C0156,P104,Keyboard,Electronics,Chattogram,Online,6,2203.86,0.1,11900.84,8773.4,3127.44
O00615,2025-10-07,C0026,P108,Notebook,Stationery,Chattogram,Online,3,189.39,0,568.17,398.37,169.8
O00616,2025-03-04,C0218,P103,Trousers,Apparel,Khulna,Partner,3,1461.71,0.05,4165.87,3079.63,1086.24
O00617,2026-10-30,C0147,P105,Monitor,Electronics,Dhaka,Online,5,15380.08,0,76900.4,56114.21,20786.19
O00618,2026-12-16,C0185,P106,Headset,Electronics,Rajshahi,Online,2,3346.47,0.15,5689.0,4107.37,1581.63
O00619,2025-01-19,C0145,P103,Trousers,Apparel,Dhaka,Partner,3,1459.47,0.15,3721.65,2360.32,1361.33
O00620,2025-02-01,C0239,P102,Polo Shirt,Apparel,Khulna,Retail,1,1140.31,0,1140.31,797.02,343.29
O00621,2026-08-08,C0129,P102,Polo Shirt,Apparel,Chattogram,Partner,1,1081.22,0.1,973.1,594.08,379.02
O00622,2025-03-31,C0002,P101,Shirt,Apparel,Dhaka,Partner,4,813.52,0.1,2928.67,1710.02,1218.65
O00623,2025-02-25,C0201,P102,Polo Shirt,Apparel,Rajshahi,Retail,7,1113.34,0.05,7403.71,4498.34,2905.37
O00624,2026-06-15,C0217,P106,Headset,Electronics,Chattogram,Retail,5,3113.82,0.05,14790.65,11111.17,3679.48
O00625,2025-01-11,C0111,P105,Monitor,Electronics,Rajshahi,Partner,4,15539.09,0.1,55940.72,37624.32,18316.4
O00626,2026-04-27,C0073,P107,Backpack,Accessories,Khulna,Online,1,1770.58,0.15,1504.99,1073.0,431.99
O00627,2025-03-14,C0192,P108,Notebook,Stationery,Dhaka,Online,5,182.94,0,914.7,576.25,338.45
O00628,2026-08-07,C0147,P108,Notebook,Stationery,Khulna,Retail,5,191.51,0,957.55,569.79,387.76
O00629,2025-10-26,C0107,P108,Notebook,Stationery,Rajshahi,Retail,3,194.77,0,584.31,409.75,174.56
O00630,2026-03-03,C0099,P102,Polo Shirt,Apparel,Rajshahi,Retail,2,1054.01,0.05,2002.62,1352.86,649.76
O00631,2026-02-03,C0205,P106,Headset,Electronics,Chattogram,Partner,1,3348.93,0,3348.93,2479.99,868.94
O00632,2026-08-02,C0053,P101,Shirt,Apparel,Rajshahi,Online,6,843.07,0,5058.42,3077.51,1980.91
O00633,2026-06-18,C0182,P107,Backpack,Accessories,Chattogram,Retail,2,1797.49,0,3594.98,2533.7,1061.28
O00634,2026-01-17,C0200,P103,Trousers,Apparel,Chattogram,Partner,5,1435.46,0.05,6818.43,4876.24,1942.19
O00635,2026-11-15,C0039,P101,Shirt,Apparel,Khulna,Partner,2,783.96,0.15,1332.73,966.72,366.01
O00636,2025-05-04,C0023,P108,Notebook,Stationery,Khulna,Partner,4,193.5,0,774.0,511.67,262.33
O00637,2025-06-06,C0223,P108,Notebook,Stationery,Dhaka,Retail,4,176.55,0,706.2,445.25,260.95
O00638,2025-12-18,C0029,P107,Backpack,Accessories,Dhaka,Retail,4,1959.32,0,7837.28,5845.61,1991.67
O00639,2026-06-16,C0019,P105,Monitor,Electronics,Dhaka,Partner,2,14719.03,0,29438.06,19914.29,9523.77
O00640,2025-04-14,C0208,P101,Shirt,Apparel,Dhaka,Retail,5,753.14,0.1,3389.13,2074.1,1315.03
O00641,2025-01-31,C0040,P107,Backpack,Accessories,Dhaka,Partner,4,1723.35,0.15,5859.39,3719.26,2140.13
O00642,2026-04-18,C0158,P105,Monitor,Electronics,Khulna,Partner,4,15693.58,0,62774.32,40159.05,22615.27
O00643,2025-11-14,C0101,P105,Monitor,Electronics,Dhaka,Online,6,14073.61,0.05,80219.58,46716.38,33503.2
O00644,2025-07-13,C0045,P101,Shirt,Apparel,Khulna,Partner,6,762.98,0.1,4120.09,3004.18,1115.91
O00645,2026-02-24,C0060,P101,Shirt,Apparel,Dhaka,Online,5,832.39,0.05,3953.85,2677.77,1276.08
O00646,2025-05-31,C0138,P102,Polo Shirt,Apparel,Dhaka,Partner,3,1168.04,0.1,3153.71,1940.05,1213.66
O00647,2026-04-23,C0166,P103,Trousers,Apparel,Khulna,Partner,3,1473.01,0,4419.03,2795.17,1623.86
O00648,2026-03-05,C0239,P105,Monitor,Electronics,Khulna,Retail,4,14684.91,0.15,49928.69,37355.83,12572.86
O00649,2025-01-05,C0239,P102,Polo Shirt,Apparel,Khulna,Partner,1,1046.34,0.05,994.02,692.6,301.42
O00650,2025-12-31,C0204,P107,Backpack,Accessories,Rajshahi,Online,3,1768.46,0.1,4774.84,2936.11,1838.73
O00651,2025-08-31,C0176,P103,Trousers,Apparel,Dhaka,Retail,4,1630.96,0,6523.84,4113.9,2409.94
O00652,2025-12-18,C0154,P106,Headset,Electronics,Khulna,Partner,7,3409.53,0,23866.71,14165.24,9701.47
O00653,2026-08-07,C0173,P103,Trousers,Apparel,Rajshahi,Retail,1,1396.8,0.1,1257.12,912.92,344.2
O00654,2025-04-15,C0108,P102,Polo Shirt,Apparel,Chattogram,Partner,4,1087.98,0.15,3699.13,2486.63,1212.5
O00655,2026-03-16,C0107,P105,Monitor,Electronics,Dhaka,Online,3,15364.62,0,46093.86,31685.75,14408.11
O00656,2025-09-10,C0140,P106,Headset,Electronics,Chattogram,Retail,5,3308.99,0.15,14063.21,8841.01,5222.2
O00657,2026-09-21,C0144,P103,Trousers,Apparel,Dhaka,Online,3,1438.45,0.15,3668.05,2255.57,1412.48
O00658,2026-06-28,C0064,P107,Backpack,Accessories,Dhaka,Online,1,1876.64,0.15,1595.14,1116.9,478.24
O00659,2026-02-18,C0232,P107,Backpack,Accessories,Khulna,Retail,7,1902.22,0,13315.54,9467.81,3847.73
O00660,2026-01-06,C0173,P108,Notebook,Stationery,Rajshahi,Retail,4,188.69,0,754.76,549.89,204.87
O00661,2025-12-21,C0035,P106,Headset,Electronics,Khulna,Online,1,3108.04,0,3108.04,1867.55,1240.49
O00662,2025-02-17,C0044,P104,Keyboard,Electronics,Khulna,Retail,4,2167.21,0.15,7368.51,4899.21,2469.3
O00663,2026-09-20,C0146,P108,Notebook,Stationery,Dhaka,Online,4,185.99,0,743.96,497.22,246.74
O00664,2026-12-26,C0189,P107,Backpack,Accessories,Chattogram,Partner,5,1911.62,0.1,8602.29,5656.76,2945.53
O00665,2026-11-30,C0228,P105,Monitor,Electronics,Khulna,Online,7,15020.07,0,105140.49,70277.53,34862.96
O00666,2025-02-06,C0137,P102,Polo Shirt,Apparel,Dhaka,Online,5,1120.64,0.15,4762.72,3329.46,1433.26
O00667,2025-05-17,C0184,P102,Polo Shirt,Apparel,Dhaka,Online,4,1096.15,0,4384.6,2946.3,1438.3
O00668,2026-01-03,C0181,P108,Notebook,Stationery,Khulna,Partner,6,169.44,0,1016.64,738.19,278.45
O00669,2025-06-19,C0105,P101,Shirt,Apparel,Khulna,Retail,5,786.51,0,3932.55,2838.78,1093.77
O00670,2025-08-19,C0001,P106,Headset,Electronics,Rajshahi,Partner,7,3181.94,0.15,18932.54,13895.19,5037.35
O00671,2025-08-21,C0038,P102,Polo Shirt,Apparel,Dhaka,Retail,4,1063.91,0,4255.64,2496.88,1758.76
O00672,2025-02-13,C0033,P107,Backpack,Accessories,Dhaka,Retail,1,1825.49,0.15,1551.67,1089.09,462.58
O00673,2026-09-01,C0078,P105,Monitor,Electronics,Khulna,Partner,6,14247.96,0,85487.76,60193.65,25294.11
O00674,2025-08-24,C0065,P108,Notebook,Stationery,Chattogram,Retail,3,174.93,0.05,498.55,308.18,190.37
O00675,2026-09-17,C0048,P105,Monitor,Electronics,Chattogram,Online,6,14838.8,0,89032.8,51812.91,37219.89
O00676,2026-01-27,C0038,P101,Shirt,Apparel,Khulna,Retail,4,870.9,0.1,3135.24,2262.06,873.18
O00677,2025-03-10,C0176,P108,Notebook,Stationery,Rajshahi,Online,6,190.55,0,1143.3,839.07,304.23
O00678,2025-03-25,C0101,P105,Monitor,Electronics,Khulna,Retail,7,14333.59,0,100335.13,59983.84,40351.29
O00679,2025-09-17,C0174,P106,Headset,Electronics,Dhaka,Retail,4,3059.83,0,12239.32,7986.32,4253.0
O00680,2025-12-05,C0223,P101,Shirt,Apparel,Dhaka,Online,6,819.52,0.15,4179.55,3006.18,1173.37
O00681,2026-03-01,C0071,P106,Headset,Electronics,Dhaka,Online,4,2988.3,0.15,10160.22,5980.31,4179.91
O00682,2025-05-17,C0085,P107,Backpack,Accessories,Rajshahi,Retail,2,1743.6,0.05,3312.84,1927.21,1385.63
O00683,2025-05-27,C0104,P105,Monitor,Electronics,Khulna,Retail,5,14407.44,0,72037.2,46433.84,25603.36
O00684,2026-07-17,C0160,P105,Monitor,Electronics,Rajshahi,Retail,5,14902.7,0.1,67062.15,47795.96,19266.19
O00685,2026-03-17,C0203,P105,Monitor,Electronics,Chattogram,Partner,6,15114.33,0.15,77083.08,54204.85,22878.23
O00686,2026-05-19,C0027,P102,Polo Shirt,Apparel,Chattogram,Online,7,1043.66,0.1,6575.06,3901.62,2673.44
O00687,2025-03-27,C0039,P103,Trousers,Apparel,Dhaka,Retail,4,1580.63,0,6322.52,4341.95,1980.57
O00688,2026-12-31,C0108,P101,Shirt,Apparel,Dhaka,Retail,4,859.93,0.15,2923.76,1766.82,1156.94
O00689,2026-06-19,C0122,P103,Trousers,Apparel,Chattogram,Partner,4,1499.72,0,5998.88,4146.61,1852.27
O00690,2025-05-25,C0197,P104,Keyboard,Electronics,Rajshahi,Partner,2,2138.27,0,4276.54,2756.44,1520.1
O00691,2025-08-22,C0200,P103,Trousers,Apparel,Chattogram,Online,1,1499.54,0,1499.54,930.59,568.95
O00692,2025-09-26,C0044,P107,Backpack,Accessories,Chattogram,Online,2,1753.62,0,3507.24,2379.79,1127.45
O00693,2025-02-08,C0155,P106,Headset,Electronics,Chattogram,Partner,6,3171.64,0,19029.84,12948.82,6081.02
O00694,2025-12-05,C0099,P103,Trousers,Apparel,Rajshahi,Retail,6,1553.48,0.1,8388.79,5252.81,3135.98
O00695,2026-11-23,C0087,P104,Keyboard,Electronics,Rajshahi,Online,3,2150.73,0,6452.19,3750.35,2701.84
O00696,2026-10-01,C0033,P102,Polo Shirt,Apparel,Dhaka,Online,4,1173.78,0,4695.12,2931.89,1763.23
O00697,2025-12-08,C0006,P104,Keyboard,Electronics,Chattogram,Retail,3,2275.91,0,6827.73,4037.57,2790.16
O00698,2026-01-13,C0112,P104,Keyboard,Electronics,Dhaka,Retail,6,2307.03,0.15,11765.85,7713.06,4052.79
O00699,2026-05-04,C0131,P105,Monitor,Electronics,Chattogram,Partner,7,13532.06,0.1,85251.98,52744.18,32507.8
O00700,2025-01-08,C0117,P101,Shirt,Apparel,Chattogram,Online,4,767.38,0,3069.52,2254.11,815.41
O00701,2025-09-03,C0043,P108,Notebook,Stationery,Khulna,Retail,3,185.53,0.1,500.93,356.82,144.11
O00702,2025-11-02,C0144,P101,Shirt,Apparel,Khulna,Partner,1,754.99,0.15,641.74,411.86,229.88
O00703,2025-05-21,C0148,P102,Polo Shirt,Apparel,Dhaka,Retail,7,1075.64,0,7529.48,4575.78,2953.7
O00704,2025-02-25,C0171,P103,Trousers,Apparel,Khulna,Retail,3,1410.89,0,4232.67,3159.68,1072.99
O00705,2026-09-16,C0079,P102,Polo Shirt,Apparel,Khulna,Retail,1,1069.31,0.15,908.91,660.28,248.63
O00706,2026-12-20,C0039,P102,Polo Shirt,Apparel,Rajshahi,Partner,2,1040.15,0.15,1768.26,1150.88,617.38
O00707,2026-07-25,C0219,P102,Polo Shirt,Apparel,Dhaka,Partner,4,1088.04,0.1,3916.94,2935.24,981.7
O00708,2025-11-11,C0155,P107,Backpack,Accessories,Khulna,Retail,2,1813.27,0.05,3445.21,2522.85,922.36
O00709,2026-11-18,C0214,P102,Polo Shirt,Apparel,Khulna,Retail,7,1173.73,0.1,7394.5,5171.8,2222.7
O00710,2026-09-07,C0027,P102,Polo Shirt,Apparel,Dhaka,Partner,4,1122.73,0.05,4266.37,2895.11,1371.26
O00711,2025-11-12,C0071,P104,Keyboard,Electronics,Khulna,Retail,4,2168.59,0.15,7373.21,4496.38,2876.83
O00712,2025-08-22,C0031,P108,Notebook,Stationery,Dhaka,Partner,5,194.01,0.15,824.54,534.82,289.72
O00713,2025-08-14,C0111,P101,Shirt,Apparel,Chattogram,Retail,2,781.25,0.1,1406.25,985.3,420.95
O00714,2025-10-10,C0220,P105,Monitor,Electronics,Chattogram,Online,7,14065.34,0,98457.38,69661.81,28795.57
O00715,2026-11-16,C0020,P102,Polo Shirt,Apparel,Chattogram,Partner,5,1057.7,0.1,4759.65,3490.92,1268.73
O00716,2026-06-28,C0172,P106,Headset,Electronics,Rajshahi,Online,7,3236.22,0.05,21520.86,12956.02,8564.84
O00717,2026-04-30,C0053,P107,Backpack,Accessories,Rajshahi,Online,5,1847.44,0.1,8313.48,5458.26,2855.22
O00718,2026-08-25,C0111,P101,Shirt,Apparel,Dhaka,Online,3,841.98,0,2525.94,1770.11,755.83
O00719,2026-10-31,C0223,P104,Keyboard,Electronics,Dhaka,Online,3,2108.8,0.15,5377.44,3428.17,1949.27
O00720,2025-09-07,C0190,P101,Shirt,Apparel,Dhaka,Retail,5,811.65,0,4058.25,2539.75,1518.5
O00721,2026-02-18,C0003,P107,Backpack,Accessories,Khulna,Partner,3,1746.51,0.1,4715.58,3262.71,1452.87
O00722,2025-11-01,C0060,P104,Keyboard,Electronics,Khulna,Partner,2,2191.7,0.1,3945.06,2433.4,1511.66
O00723,2026-04-06,C0163,P103,Trousers,Apparel,Dhaka,Partner,5,1554.06,0.15,6604.75,4067.84,2536.91
O00724,2025-01-04,C0145,P101,Shirt,Apparel,Rajshahi,Partner,3,764.58,0.05,2179.05,1382.1,796.95
O00725,2026-01-31,C0056,P107,Backpack,Accessories,Khulna,Partner,3,1841.86,0.1,4973.02,3462.72,1510.3
O00726,2026-04-02,C0220,P108,Notebook,Stationery,Rajshahi,Retail,3,190.19,0,570.57,343.88,226.69
O00727,2025-01-10,C0004,P101,Shirt,Apparel,Rajshahi,Online,1,800.07,0.15,680.06,486.07,193.99
O00728,2025-03-16,C0055,P102,Polo Shirt,Apparel,Rajshahi,Partner,5,1116.5,0.15,4745.12,3273.63,1471.49
O00729,2026-06-06,C0081,P101,Shirt,Apparel,Khulna,Retail,1,786.63,0.05,747.3,552.25,195.05
O00730,2026-02-22,C0027,P102,Polo Shirt,Apparel,Rajshahi,Retail,7,1147.14,0.05,7628.48,5339.33,2289.15
O00731,2026-08-22,C0229,P105,Monitor,Electronics,Chattogram,Partner,6,15668.17,0,94009.02,60930.32,33078.7
O00732,2026-04-23,C0063,P107,Backpack,Accessories,Dhaka,Retail,5,1835.4,0.1,8259.3,6155.8,2103.5
O00733,2025-09-11,C0194,P108,Notebook,Stationery,Dhaka,Partner,4,173.28,0.05,658.46,489.83,168.63
O00734,2025-11-11,C0066,P104,Keyboard,Electronics,Dhaka,Retail,1,2384.29,0.1,2145.86,1280.21,865.65
O00735,2025-12-25,C0178,P108,Notebook,Stationery,Chattogram,Online,6,169.62,0,1017.72,628.83,388.89
O00736,2025-02-20,C0169,P103,Trousers,Apparel,Khulna,Retail,6,1396.37,0.1,7540.4,5535.23,2005.17
O00737,2026-11-05,C0149,P103,Trousers,Apparel,Khulna,Retail,3,1456.56,0,4369.68,3309.62,1060.06
O00738,2025-08-27,C0127,P106,Headset,Electronics,Khulna,Partner,3,3298.8,0,9896.4,6397.35,3499.05
O00739,2025-07-25,C0002,P104,Keyboard,Electronics,Khulna,Partner,2,2379.25,0.1,4282.65,2556.0,1726.65
O00740,2026-12-15,C0022,P105,Monitor,Electronics,Chattogram,Retail,3,14422.5,0.15,36777.38,25629.23,11148.15
O00741,2026-03-21,C0101,P108,Notebook,Stationery,Rajshahi,Partner,4,168.62,0,674.48,467.64,206.84
O00742,2025-02-03,C0058,P108,Notebook,Stationery,Rajshahi,Retail,4,177.79,0,711.16,489.12,222.04
O00743,2026-01-04,C0170,P104,Keyboard,Electronics,Dhaka,Partner,2,2084.94,0.1,3752.89,2560.72,1192.17
O00744,2026-05-14,C0041,P106,Headset,Electronics,Chattogram,Partner,2,3449.56,0.15,5864.25,3630.49,2233.76
O00745,2025-07-03,C0053,P101,Shirt,Apparel,Chattogram,Online,3,759.66,0.15,1937.13,1264.21,672.92
O00746,2025-09-21,C0004,P101,Shirt,Apparel,Rajshahi,Retail,5,745.65,0.15,3169.01,2183.91,985.1
O00747,2026-12-14,C0012,P103,Trousers,Apparel,Khulna,Online,1,1421.67,0,1421.67,1036.6,385.07
O00748,2026-09-01,C0053,P101,Shirt,Apparel,Rajshahi,Retail,7,765.44,0,5358.08,3671.87,1686.21
O00749,2026-09-01,C0064,P105,Monitor,Electronics,Rajshahi,Retail,6,15384.15,0.1,83074.41,60729.08,22345.33
O00750,2026-08-29,C0173,P107,Backpack,Accessories,Dhaka,Retail,6,1774.6,0.1,9582.84,6779.33,2803.51
O00751,2025-08-09,C0217,P103,Trousers,Apparel,Chattogram,Partner,6,1609.01,0.15,8205.95,5278.29,2927.66
O00752,2025-01-29,C0196,P101,Shirt,Apparel,Chattogram,Partner,4,832.14,0.1,2995.7,2019.36,976.34
O00753,2025-04-11,C0020,P104,Keyboard,Electronics,Dhaka,Online,2,2326.79,0.15,3955.54,2326.25,1629.29
O00754,2026-09-08,C0020,P103,Trousers,Apparel,Chattogram,Retail,4,1420.5,0,5682.0,4159.75,1522.25
O00755,2025-09-06,C0171,P104,Keyboard,Electronics,Dhaka,Partner,5,2243.86,0,11219.3,8352.48,2866.82
O00756,2026-09-04,C0152,P102,Polo Shirt,Apparel,Dhaka,Partner,5,1184.79,0,5923.95,4382.73,1541.22
O00757,2026-02-23,C0173,P101,Shirt,Apparel,Khulna,Online,1,815.98,0,815.98,554.83,261.15
O00758,2025-07-14,C0196,P108,Notebook,Stationery,Rajshahi,Partner,3,182.54,0.1,492.86,331.04,161.82
O00759,2026-12-21,C0073,P104,Keyboard,Electronics,Dhaka,Retail,6,2342.31,0.05,13351.17,8859.75,4491.42
O00760,2025-10-29,C0189,P108,Notebook,Stationery,Khulna,Retail,5,190.41,0,952.05,661.57,290.48
O00761,2026-02-12,C0066,P107,Backpack,Accessories,Khulna,Partner,5,1891.49,0,9457.45,6089.17,3368.28
O00762,2026-04-04,C0209,P105,Monitor,Electronics,Khulna,Online,1,14091.09,0,14091.09,10619.9,3471.19
O00763,2026-10-11,C0039,P105,Monitor,Electronics,Khulna,Retail,5,14023.64,0,70118.2,46746.48,23371.72
O00764,2026-11-11,C0040,P103,Trousers,Apparel,Rajshahi,Retail,7,1605.17,0.1,10112.57,7608.11,2504.46
O00765,2025-02-01,C0062,P103,Trousers,Apparel,Chattogram,Retail,5,1421.9,0.15,6043.07,4393.65,1649.42
O00766,2026-12-07,C0204,P108,Notebook,Stationery,Khulna,Online,4,180.44,0.15,613.5,455.21,158.29
O00767,2026-08-30,C0105,P108,Notebook,Stationery,Dhaka,Retail,7,181.33,0.05,1205.84,760.0,445.84
O00768,2026-03-09,C0182,P103,Trousers,Apparel,Chattogram,Online,4,1571.55,0,6286.2,4049.87,2236.33
O00769,2025-05-04,C0059,P101,Shirt,Apparel,Khulna,Partner,3,784.32,0,2352.96,1437.58,915.38
O00770,2025-03-30,C0222,P104,Keyboard,Electronics,Dhaka,Online,6,2181.16,0.1,11778.26,7152.85,4625.41
O00771,2026-11-27,C0086,P107,Backpack,Accessories,Rajshahi,Partner,4,1785.08,0.1,6426.29,3756.84,2669.45
O00772,2025-02-07,C0209,P107,Backpack,Accessories,Rajshahi,Online,4,1759.87,0,7039.48,4713.31,2326.17
O00773,2025-04-27,C0001,P106,Headset,Electronics,Rajshahi,Partner,1,3307.38,0.05,3142.01,1926.3,1215.71
O00774,2025-09-08,C0139,P107,Backpack,Accessories,Khulna,Retail,1,1733.69,0.15,1473.64,878.62,595.02
O00775,2025-05-31,C0067,P103,Trousers,Apparel,Rajshahi,Partner,4,1487.48,0,5949.92,4177.32,1772.6
O00776,2025-09-28,C0164,P102,Polo Shirt,Apparel,Rajshahi,Retail,2,1178.53,0.1,2121.35,1599.33,522.02
O00777,2025-07-10,C0209,P104,Keyboard,Electronics,Chattogram,Retail,3,2264.2,0,6792.6,4541.89,2250.71
O00778,2025-01-31,C0005,P102,Polo Shirt,Apparel,Rajshahi,Online,7,1026.85,0.1,6469.15,4058.59,2410.56
O00779,2026-04-08,C0213,P107,Backpack,Accessories,Chattogram,Online,1,1865.39,0,1865.39,1240.91,624.48
O00780,2026-01-20,C0093,P106,Headset,Electronics,Chattogram,Online,3,3321.69,0.05,9466.82,6713.33,2753.49
O00781,2025-12-01,C0199,P107,Backpack,Accessories,Chattogram,Online,4,1919.98,0.05,7295.92,5085.26,2210.66
O00782,2025-02-25,C0175,P104,Keyboard,Electronics,Khulna,Partner,7,2221.98,0.1,13998.47,9063.28,4935.19
O00783,2026-09-16,C0034,P105,Monitor,Electronics,Rajshahi,Retail,4,15361.03,0.05,58371.91,42707.42,15664.49
O00784,2025-05-09,C0114,P106,Headset,Electronics,Chattogram,Online,4,3175.91,0,12703.64,7814.6,4889.04
O00785,2026-10-27,C0062,P101,Shirt,Apparel,Khulna,Partner,2,755.61,0.15,1284.54,870.94,413.6
O00786,2025-02-10,C0086,P101,Shirt,Apparel,Dhaka,Partner,3,788.34,0.1,2128.52,1451.67,676.85
O00787,2025-07-06,C0180,P104,Keyboard,Electronics,Khulna,Online,1,2180.15,0,2180.15,1364.63,815.52
O00788,2026-09-10,C0174,P106,Headset,Electronics,Dhaka,Retail,5,3070.93,0,15354.65,8967.73,6386.92
O00789,2026-08-08,C0048,P105,Monitor,Electronics,Khulna,Retail,5,14868.46,0,74342.3,47498.35,26843.95
O00790,2025-08-05,C0028,P106,Headset,Electronics,Chattogram,Retail,3,3145.68,0,9437.04,6873.28,2563.76
O00791,2025-02-02,C0214,P101,Shirt,Apparel,Dhaka,Partner,4,807.89,0.1,2908.4,1688.61,1219.79
O00792,2025-07-29,C0014,P103,Trousers,Apparel,Khulna,Retail,2,1493.92,0.05,2838.45,1814.04,1024.41
O00793,2025-07-13,C0048,P108,Notebook,Stationery,Khulna,Partner,3,188.35,0,565.05,400.35,164.7
O00794,2026-05-01,C0104,P108,Notebook,Stationery,Chattogram,Partner,2,169.04,0,338.08,230.32,107.76
O00795,2025-05-22,C0022,P102,Polo Shirt,Apparel,Rajshahi,Online,5,1119.54,0,5597.7,3734.3,1863.4
O00796,2026-10-06,C0097,P105,Monitor,Electronics,Rajshahi,Partner,3,14222.84,0.1,38401.67,24709.09,13692.58
O00797,2026-08-22,C0216,P106,Headset,Electronics,Dhaka,Retail,2,3277.09,0.1,5898.76,4464.35,1434.41
O00798,2026-08-24,C0080,P106,Headset,Electronics,Khulna,Online,2,3412.48,0,6824.96,4422.56,2402.4
O00799,2026-09-19,C0178,P106,Headset,Electronics,Dhaka,Partner,4,2983.03,0,11932.12,8976.2,2955.92
O00800,2026-04-22,C0075,P106,Headset,Electronics,Dhaka,Partner,6,3024.16,0.05,17237.71,11899.28,5338.43
O00801,2025-11-27,C0140,P103,Trousers,Apparel,Dhaka,Retail,6,1403.67,0,8422.02,5024.54,3397.48
O00802,2025-09-13,C0122,P102,Polo Shirt,Apparel,Khulna,Online,6,1171.49,0,7028.94,4903.61,2125.33
O00803,2026-01-13,C0148,P102,Polo Shirt,Apparel,Dhaka,Partner,7,1191.0,0,8337.0,5403.25,2933.75
O00804,2025-11-28,C0023,P104,Keyboard,Electronics,Dhaka,Online,5,2155.14,0,10775.7,8132.69,2643.01
O00805,2025-06-21,C0113,P107,Backpack,Accessories,Dhaka,Retail,2,1800.05,0.15,3060.09,1832.7,1227.39
O00806,2026-11-06,C0030,P102,Polo Shirt,Apparel,Dhaka,Online,6,1024.53,0.15,5225.1,3581.96,1643.14
O00807,2025-07-31,C0117,P107,Backpack,Accessories,Dhaka,Retail,3,1848.23,0,5544.69,3987.26,1557.43
O00808,2026-10-16,C0007,P108,Notebook,Stationery,Dhaka,Partner,2,191.79,0,383.58,268.58,115.0
O00809,2026-09-03,C0227,P106,Headset,Electronics,Khulna,Partner,2,3362.9,0,6725.8,4981.86,1743.94
O00810,2026-12-18,C0122,P108,Notebook,Stationery,Dhaka,Retail,6,171.05,0.1,923.67,603.09,320.58
O00811,2026-03-19,C0149,P108,Notebook,Stationery,Rajshahi,Partner,6,186.24,0,1117.44,749.34,368.1
O00812,2026-02-13,C0233,P105,Monitor,Electronics,Khulna,Partner,7,15113.42,0,105793.94,75362.1,30431.84
O00813,2025-03-09,C0015,P108,Notebook,Stationery,Rajshahi,Partner,4,172.07,0.15,585.04,344.67,240.37
O00814,2025-06-28,C0137,P108,Notebook,Stationery,Khulna,Online,2,194.83,0.1,350.69,250.01,100.68
O00815,2025-04-11,C0143,P105,Monitor,Electronics,Rajshahi,Retail,2,13849.02,0.05,26313.14,17506.81,8806.33
O00816,2025-11-27,C0123,P107,Backpack,Accessories,Khulna,Partner,1,1689.61,0,1689.61,1216.05,473.56
O00817,2026-08-27,C0220,P106,Headset,Electronics,Dhaka,Partner,4,3117.52,0.1,11223.07,7585.72,3637.35
O00818,2025-11-01,C0207,P104,Keyboard,Electronics,Dhaka,Online,1,2242.16,0.05,2130.05,1453.45,676.6
O00819,2025-05-25,C0007,P108,Notebook,Stationery,Khulna,Partner,1,188.2,0,188.2,127.83,60.37
O00820,2026-09-21,C0076,P107,Backpack,Accessories,Dhaka,Online,3,1888.55,0.1,5099.09,3160.3,1938.79
O00821,2026-06-18,C0165,P107,Backpack,Accessories,Khulna,Partner,2,1845.91,0.05,3507.23,2269.64,1237.59
O00822,2025-03-26,C0198,P104,Keyboard,Electronics,Khulna,Retail,4,2195.72,0.1,7904.59,5813.36,2091.23
O00823,2026-04-24,C0239,P108,Notebook,Stationery,Khulna,Partner,5,186.84,0.15,794.07,560.15,233.92
O00824,2026-06-29,C0029,P107,Backpack,Accessories,Rajshahi,Retail,6,1764.6,0,10587.6,7511.83,3075.77
O00825,2026-03-17,C0173,P108,Notebook,Stationery,Rajshahi,Retail,7,182.62,0.1,1150.51,842.97,307.54
O00826,2026-12-20,C0188,P102,Polo Shirt,Apparel,Chattogram,Retail,1,1049.34,0,1049.34,739.58,309.76
O00827,2025-02-24,C0201,P108,Notebook,Stationery,Chattogram,Retail,2,169.93,0,339.86,219.11,120.75
O00828,2026-03-08,C0124,P104,Keyboard,Electronics,Khulna,Retail,4,2207.49,0,8829.96,5826.81,3003.15
O00829,2025-09-12,C0067,P104,Keyboard,Electronics,Rajshahi,Online,5,2124.43,0.1,9559.93,6513.51,3046.42
O00830,2026-05-31,C0191,P101,Shirt,Apparel,Rajshahi,Retail,1,822.75,0.05,781.61,458.97,322.64
O00831,2025-12-17,C0046,P108,Notebook,Stationery,Khulna,Partner,2,180.34,0.1,324.61,224.6,100.01
O00832,2026-09-11,C0080,P104,Keyboard,Electronics,Dhaka,Online,1,2359.02,0,2359.02,1398.33,960.69
O00833,2025-05-24,C0161,P108,Notebook,Stationery,Chattogram,Retail,5,170.33,0.05,809.07,613.34,195.73
O00834,2026-07-08,C0077,P103,Trousers,Apparel,Chattogram,Partner,1,1436.73,0.1,1293.06,825.26,467.8
O00835,2025-08-28,C0160,P107,Backpack,Accessories,Chattogram,Partner,1,1791.93,0,1791.93,1137.57,654.36
O00836,2026-04-26,C0174,P108,Notebook,Stationery,Khulna,Partner,7,177.95,0.15,1058.8,710.57,348.23
O00837,2025-05-31,C0160,P106,Headset,Electronics,Dhaka,Retail,5,3214.9,0.15,13663.32,10206.11,3457.21
O00838,2025-09-17,C0129,P104,Keyboard,Electronics,Khulna,Retail,6,2181.88,0.05,12436.72,7729.98,4706.74
O00839,2026-11-19,C0227,P104,Keyboard,Electronics,Chattogram,Partner,5,2123.06,0,10615.3,7957.14,2658.16
O00840,2026-09-09,C0237,P103,Trousers,Apparel,Khulna,Online,7,1578.58,0,11050.06,6512.48,4537.58
O00841,2026-09-28,C0028,P107,Backpack,Accessories,Dhaka,Retail,5,1735.89,0.1,7811.51,4887.38,2924.13
O00842,2026-02-12,C0102,P101,Shirt,Apparel,Khulna,Partner,7,800.33,0.1,5042.08,3259.48,1782.6
O00843,2025-09-18,C0034,P103,Trousers,Apparel,Khulna,Partner,7,1620.38,0.15,9641.26,6882.74,2758.52
O00844,2026-04-27,C0206,P106,Headset,Electronics,Chattogram,Partner,5,3008.09,0.05,14288.43,9186.75,5101.68
O00845,2025-06-15,C0121,P102,Polo Shirt,Apparel,Khulna,Partner,3,1073.42,0,3220.26,1977.33,1242.93
O00846,2026-07-12,C0105,P103,Trousers,Apparel,Khulna,Online,6,1633.05,0,9798.3,7365.75,2432.55
O00847,2026-09-20,C0134,P105,Monitor,Electronics,Chattogram,Retail,2,13859.38,0.15,23560.95,16190.04,7370.91
O00848,2025-01-29,C0057,P102,Polo Shirt,Apparel,Chattogram,Partner,2,1190.8,0.15,2024.36,1373.5,650.86
O00849,2026-03-01,C0162,P101,Shirt,Apparel,Rajshahi,Retail,3,821.07,0,2463.21,1866.14,597.07
O00850,2026-08-05,C0109,P108,Notebook,Stationery,Dhaka,Retail,3,186.77,0,560.31,340.33,219.98
O00851,2026-08-25,C0064,P105,Monitor,Electronics,Khulna,Online,3,13860.46,0.1,37423.24,23727.26,13695.98
O00852,2025-10-20,C0011,P103,Trousers,Apparel,Dhaka,Retail,6,1423.74,0.15,7261.07,5290.56,1970.51
O00853,2026-06-20,C0215,P102,Polo Shirt,Apparel,Chattogram,Partner,7,1167.43,0.05,7763.41,4675.96,3087.45
O00854,2026-08-22,C0001,P103,Trousers,Apparel,Khulna,Retail,4,1615.32,0.05,6138.22,4295.62,1842.6
O00855,2026-04-08,C0192,P101,Shirt,Apparel,Khulna,Partner,5,863.9,0,4319.5,2675.82,1643.68
O00856,2026-05-17,C0036,P107,Backpack,Accessories,Chattogram,Retail,3,1845.87,0.15,4706.97,3406.82,1300.15
O00857,2026-01-23,C0043,P102,Polo Shirt,Apparel,Dhaka,Partner,1,1118.33,0.1,1006.5,587.64,418.86
O00858,2025-10-17,C0138,P107,Backpack,Accessories,Khulna,Partner,5,1869.67,0.15,7946.1,5225.72,2720.38
O00859,2026-05-10,C0162,P103,Trousers,Apparel,Khulna,Partner,1,1469.1,0,1469.1,1083.9,385.2
O00860,2026-05-03,C0055,P107,Backpack,Accessories,Chattogram,Online,6,1807.77,0.05,10304.29,7517.22,2787.07
O00861,2026-11-03,C0056,P103,Trousers,Apparel,Khulna,Partner,2,1499.03,0,2998.06,1879.91,1118.15
O00862,2025-02-02,C0146,P103,Trousers,Apparel,Khulna,Online,6,1465.54,0.15,7474.25,5354.63,2119.62
O00863,2026-09-02,C0005,P107,Backpack,Accessories,Khulna,Retail,4,1688.71,0,6754.84,3978.82,2776.02
O00864,2025-09-07,C0028,P108,Notebook,Stationery,Dhaka,Partner,6,169.35,0.05,965.29,697.82,267.47
O00865,2026-12-17,C0057,P106,Headset,Electronics,Khulna,Online,4,3185.74,0.05,12105.81,8010.49,4095.32
O00866,2025-12-21,C0014,P108,Notebook,Stationery,Khulna,Retail,4,168.87,0,675.48,400.2,275.28
O00867,2025-04-27,C0210,P107,Backpack,Accessories,Dhaka,Online,6,1786.73,0.15,9112.32,6457.9,2654.42
O00868,2026-12-01,C0175,P105,Monitor,Electronics,Chattogram,Partner,2,13963.57,0.1,25134.43,17360.73,7773.7
O00869,2026-12-15,C0094,P107,Backpack,Accessories,Rajshahi,Partner,1,1956.41,0,1956.41,1141.89,814.52
O00870,2025-12-27,C0086,P108,Notebook,Stationery,Khulna,Online,3,188.95,0,566.85,366.93,199.92
O00871,2025-07-23,C0007,P102,Polo Shirt,Apparel,Rajshahi,Online,5,1041.25,0.05,4945.94,3169.6,1776.34
O00872,2026-06-03,C0059,P102,Polo Shirt,Apparel,Dhaka,Online,5,1182.07,0.1,5319.31,3867.96,1451.35
O00873,2026-10-09,C0136,P107,Backpack,Accessories,Rajshahi,Retail,3,1776.59,0,5329.77,3423.67,1906.1
O00874,2026-02-17,C0153,P105,Monitor,Electronics,Dhaka,Retail,5,15702.69,0.15,66736.43,47281.78,19454.65
O00875,2025-04-16,C0110,P102,Polo Shirt,Apparel,Dhaka,Online,5,1094.77,0.15,4652.77,3221.34,1431.43
O00876,2026-09-23,C0213,P102,Polo Shirt,Apparel,Dhaka,Retail,7,1046.08,0,7322.56,4506.74,2815.82
O00877,2026-07-31,C0106,P108,Notebook,Stationery,Dhaka,Retail,7,172.02,0.05,1143.93,708.92,435.01
O00878,2025-04-08,C0179,P104,Keyboard,Electronics,Khulna,Retail,7,2139.63,0,14977.41,8724.69,6252.72
O00879,2025-12-15,C0009,P107,Backpack,Accessories,Dhaka,Retail,2,1693.3,0,3386.6,2269.24,1117.36
O00880,2026-06-25,C0118,P108,Notebook,Stationery,Chattogram,Partner,1,180.0,0,180.0,105.25,74.75
O00881,2026-02-14,C0019,P105,Monitor,Electronics,Khulna,Online,6,14508.35,0,87050.1,50635.52,36414.58
O00882,2026-05-09,C0003,P108,Notebook,Stationery,Rajshahi,Online,2,179.22,0.15,304.67,176.89,127.78
O00883,2025-07-31,C0141,P101,Shirt,Apparel,Chattogram,Online,1,844.68,0.1,760.21,527.31,232.9
O00884,2025-10-13,C0049,P107,Backpack,Accessories,Chattogram,Retail,3,1931.19,0.1,5214.21,3256.93,1957.28
O00885,2026-10-19,C0042,P107,Backpack,Accessories,Dhaka,Partner,2,1950.22,0.1,3510.4,2505.0,1005.4
O00886,2026-11-07,C0084,P102,Polo Shirt,Apparel,Dhaka,Online,5,1140.29,0.1,5131.31,3429.9,1701.41
O00887,2025-12-31,C0017,P107,Backpack,Accessories,Chattogram,Online,3,1887.62,0,5662.86,4280.86,1382.0
O00888,2026-06-19,C0235,P104,Keyboard,Electronics,Chattogram,Partner,4,2166.66,0,8666.64,6569.17,2097.47
O00889,2026-03-02,C0087,P102,Polo Shirt,Apparel,Rajshahi,Retail,7,1103.26,0.1,6950.54,5198.62,1751.92
O00890,2026-04-09,C0190,P103,Trousers,Apparel,Rajshahi,Retail,2,1532.37,0,3064.74,1836.15,1228.59
O00891,2025-09-26,C0192,P103,Trousers,Apparel,Rajshahi,Partner,5,1493.71,0,7468.55,4829.52,2639.03
O00892,2026-08-31,C0122,P103,Trousers,Apparel,Chattogram,Partner,3,1577.17,0.1,4258.36,2559.15,1699.21
O00893,2025-03-30,C0092,P101,Shirt,Apparel,Dhaka,Online,4,836.57,0,3346.28,2382.28,964.0
O00894,2026-10-21,C0070,P107,Backpack,Accessories,Dhaka,Online,7,1775.25,0.15,10562.74,6317.9,4244.84
O00895,2025-04-04,C0223,P105,Monitor,Electronics,Chattogram,Partner,3,14826.55,0,44479.65,31461.52,13018.13
O00896,2025-10-23,C0166,P105,Monitor,Electronics,Dhaka,Partner,7,14365.09,0,100555.63,76069.52,24486.11
O00897,2026-08-30,C0124,P105,Monitor,Electronics,Rajshahi,Retail,6,14758.02,0.1,79693.31,46792.27,32901.04
O00898,2025-12-09,C0017,P108,Notebook,Stationery,Chattogram,Online,7,184.07,0.15,1095.22,703.12,392.1
O00899,2025-05-11,C0025,P102,Polo Shirt,Apparel,Rajshahi,Retail,5,1122.1,0.1,5049.45,3680.73,1368.72
O00900,2025-11-03,C0023,P104,Keyboard,Electronics,Dhaka,Partner,7,2056.57,0.1,12956.39,9824.93,3131.46
