transaction_id,customer_id,transaction_date,revenue,channel
T0001-01,C0001,2025-09-27,5384.76,Store
T0001-02,C0001,2025-09-09,3255.03,App
T0001-03,C0001,2025-09-14,1400.06,App
T0002-01,C0002,2025-07-21,2161.95,Store
T0002-02,C0002,2025-09-24,1106.5,App
T0002-03,C0002,2026-02-18,3531.87,Store
T0002-04,C0002,2026-03-03,5241.59,Web
T0002-05,C0002,2026-03-18,1078.69,Store
T0002-06,C0002,2025-09-03,2145.58,Store
T0002-07,C0002,2025-11-13,3768.4,Web
T0002-08,C0002,2026-03-19,1956.85,Store
T0002-09,C0002,2026-01-21,3043.15,Web
T0002-10,C0002,2026-02-01,4852.74,Web
T0002-11,C0002,2026-02-20,1866.59,App
T0003-01,C0003,2025-12-18,3374.1,App
T0004-01,C0004,2025-07-16,1005.64,Web
T0005-01,C0005,2025-10-11,936.33,Store
T0005-02,C0005,2025-08-18,2367.21,Store
T0005-03,C0005,2025-10-30,1396.39,Store
T0005-04,C0005,2025-11-12,3870.38,Web
T0005-05,C0005,2025-07-20,1862.07,Store
T0005-06,C0005,2025-07-20,5235.1,Web
T0005-07,C0005,2025-11-28,4187.22,Web
T0006-01,C0006,2026-08-19,2193.59,Store
T0006-02,C0006,2026-05-06,1544.26,App
T0006-03,C0006,2026-04-02,3409.41,Store
T0006-04,C0006,2026-07-23,2663.69,App
T0006-05,C0006,2025-12-03,1137.08,Store
T0006-06,C0006,2026-03-11,4992.42,App
T0007-01,C0007,2025-05-05,3218.68,Store
T0007-02,C0007,2025-04-03,2155.19,Store
T0007-03,C0007,2025-10-20,3324.65,Store
T0007-04,C0007,2025-06-15,5426.31,Store
T0007-05,C0007,2026-03-10,5566.69,App
T0007-06,C0007,2025-12-03,913.83,Store
T0007-07,C0007,2025-08-01,5542.11,Web
T0008-01,C0008,2025-03-21,3677.45,Web
T0008-02,C0008,2025-05-01,387.12,Store
T0009-01,C0009,2025-08-26,3805.13,Web
T0010-01,C0010,2025-08-30,774.89,Store
T0011-01,C0011,2025-09-27,1819.5,Store
T0011-02,C0011,2026-07-09,498.09,App
T0011-03,C0011,2025-12-26,4040.9,Web
T0011-04,C0011,2026-07-31,4618.6,Web
T0011-05,C0011,2026-02-27,4308.74,App
T0011-06,C0011,2026-06-15,2216.64,App
T0011-07,C0011,2026-09-30,2158.95,Web
T0011-08,C0011,2026-05-14,3954.67,App
T0012-01,C0012,2025-07-19,1345.99,App
T0012-02,C0012,2025-12-18,704.21,Web
T0012-03,C0012,2026-01-08,5119.9,Web
T0012-04,C0012,2025-10-17,4659.84,Store
T0012-05,C0012,2025-11-22,4098.23,App
T0012-06,C0012,2025-08-29,4723.6,App
T0012-07,C0012,2026-01-20,252.06,Web
T0012-08,C0012,2025-12-06,4566.69,App
T0012-09,C0012,2026-01-31,2281.86,Web
T0012-10,C0012,2025-12-11,1939.17,App
T0013-01,C0013,2026-04-14,5267.22,Web
T0013-02,C0013,2026-10-13,2862.68,App
T0013-03,C0013,2026-07-07,2324.79,Web
T0013-04,C0013,2026-07-25,2499.97,App
T0013-05,C0013,2026-09-26,2505.58,Store
T0013-06,C0013,2026-06-28,1901.61,Store
T0013-07,C0013,2026-03-22,5268.82,Store
T0013-08,C0013,2026-08-02,5430.42,Web
T0013-09,C0013,2026-01-02,5717.39,Web
T0013-10,C0013,2026-03-25,1510.88,Web
T0013-11,C0013,2026-07-31,1782.53,Store
T0014-01,C0014,2026-03-26,546.25,Store
T0015-01,C0015,2025-08-13,3131.0,Web
T0015-02,C0015,2026-02-01,1406.35,Web
T0015-03,C0015,2025-08-24,2227.85,Web
T0015-04,C0015,2025-10-20,4555.65,App
T0015-05,C0015,2025-10-29,1410.84,Web
T0015-06,C0015,2025-10-25,3302.72,Store
T0015-07,C0015,2025-12-15,5331.95,Store
T0016-01,C0016,2025-09-20,3568.02,Store
T0016-02,C0016,2025-03-01,3844.02,Store
T0016-03,C0016,2025-12-29,4205.72,Store
T0016-04,C0016,2025-11-02,5585.24,App
T0016-05,C0016,2025-04-28,4952.72,Web
T0016-06,C0016,2025-11-30,4859.46,App
T0016-07,C0016,2025-11-01,2833.02,App
T0016-08,C0016,2026-02-19,5575.58,App
T0016-09,C0016,2025-10-17,1412.55,App
T0016-10,C0016,2025-06-22,550.24,Web
T0016-11,C0016,2025-06-04,3308.22,Store
T0016-12,C0016,2025-11-21,735.47,Store
T0017-01,C0017,2025-08-11,3784.4,Web
T0017-02,C0017,2025-07-13,2801.01,Store
T0017-03,C0017,2025-04-21,4000.28,Web
T0017-04,C0017,2025-08-03,2306.13,Web
T0018-01,C0018,2026-02-06,1151.72,Store
T0018-02,C0018,2025-08-04,3651.73,Store
T0018-03,C0018,2025-08-06,523.47,App
T0018-04,C0018,2025-08-06,3810.98,App
T0019-01,C0019,2025-08-06,3502.4,Web
T0019-02,C0019,2025-09-25,1108.98,Store
T0019-03,C0019,2026-01-08,5557.34,Store
T0019-04,C0019,2025-08-09,1542.31,Store
T0019-05,C0019,2025-07-24,3673.99,Store
T0019-06,C0019,2025-08-12,1921.82,Web
T0020-01,C0020,2025-12-01,2618.71,App
T0020-02,C0020,2026-06-18,517.45,Web
T0020-03,C0020,2025-09-28,1289.63,App
T0020-04,C0020,2025-10-11,3715.22,Store
T0020-05,C0020,2026-07-29,1190.08,Store
T0020-06,C0020,2026-03-12,5366.3,App
T0020-07,C0020,2026-07-24,5474.39,Web
T0020-08,C0020,2026-04-16,4487.06,App
T0020-09,C0020,2026-02-06,1403.69,App
T0020-10,C0020,2025-10-12,2580.1,App
T0020-11,C0020,2025-12-13,797.8,App
T0020-12,C0020,2026-05-30,2895.6,Store
T0020-13,C0020,2025-12-09,5348.7,Store
T0021-01,C0021,2026-03-12,1894.91,Web
T0021-02,C0021,2026-04-15,2484.04,Web
T0021-03,C0021,2025-08-06,2539.32,App
T0021-04,C0021,2025-12-08,2795.67,App
T0021-05,C0021,2026-01-19,4509.61,Store
T0021-06,C0021,2025-05-19,2851.95,App
T0021-07,C0021,2025-05-23,5230.75,Store
T0021-08,C0021,2026-01-22,3190.02,Web
T0021-09,C0021,2026-02-20,1463.4,Store
T0021-10,C0021,2025-10-08,1809.86,Web
T0021-11,C0021,2025-09-26,583.79,App
T0021-12,C0021,2026-01-16,1094.04,App
T0021-13,C0021,2026-02-27,4313.5,Store
T0022-01,C0022,2026-01-21,1628.35,App
T0022-02,C0022,2026-01-29,2149.0,Web
T0022-03,C0022,2026-06-17,1530.7,Web
T0022-04,C0022,2026-06-18,4976.33,Store
T0022-05,C0022,2025-11-11,3550.13,Web
T0022-06,C0022,2026-05-20,3477.43,App
T0022-07,C0022,2026-01-14,2558.68,App
T0022-08,C0022,2026-04-01,2532.54,Web
T0022-09,C0022,2025-12-06,2658.24,Store
T0022-10,C0022,2026-03-07,1364.68,Web
T0022-11,C0022,2026-03-15,2991.26,Web
T0023-01,C0023,2025-03-19,696.13,Store
T0024-01,C0024,2025-03-23,5223.5,Web
T0024-02,C0024,2025-03-20,2055.17,App
T0024-03,C0024,2025-05-24,859.29,Web
T0024-04,C0024,2025-05-23,2034.78,App
T0024-05,C0024,2025-05-04,3501.28,Store
T0024-06,C0024,2025-03-02,1239.96,Web
T0024-07,C0024,2025-05-10,809.62,Web
T0024-08,C0024,2025-06-24,3037.72,Web
T0025-01,C0025,2026-02-02,1891.15,App
T0025-02,C0025,2025-12-26,3280.02,App
T0025-03,C0025,2025-06-06,4168.79,Store
T0025-04,C0025,2026-02-06,4974.56,Store
T0025-05,C0025,2025-07-19,1053.35,Store
T0025-06,C0025,2025-08-08,1209.41,App
T0025-07,C0025,2025-08-12,1183.51,Store
T0025-08,C0025,2025-10-29,2350.74,Web
T0026-01,C0026,2025-12-14,3330.0,App
T0026-02,C0026,2025-06-21,5368.55,App
T0026-03,C0026,2025-12-08,2022.11,Store
T0026-04,C0026,2025-03-31,2611.08,Store
T0026-05,C0026,2025-04-29,619.68,Store
T0026-06,C0026,2025-12-16,4749.86,App
T0026-07,C0026,2025-09-27,1207.36,Store
T0026-08,C0026,2025-06-30,5166.08,Store
T0026-09,C0026,2025-08-09,2738.69,Store
T0027-01,C0027,2025-07-10,4400.41,Store
T0027-02,C0027,2025-09-27,3125.61,Store
T0027-03,C0027,2025-07-23,3397.07,Web
T0027-04,C0027,2025-07-14,4048.69,Store
T0027-05,C0027,2025-06-27,5269.75,Web
T0027-06,C0027,2025-06-20,3882.59,Web
T0028-01,C0028,2026-05-02,1100.6,Web
T0028-02,C0028,2027-02-07,989.47,App
T0028-03,C0028,2026-09-03,2428.61,App
T0028-04,C0028,2026-06-02,3175.99,Web
T0028-05,C0028,2027-01-18,2178.06,Web
T0028-06,C0028,2026-05-26,1352.15,Store
T0028-07,C0028,2025-12-14,1924.9,Store
T0028-08,C0028,2026-01-15,1452.24,Web
T0028-09,C0028,2025-11-12,2348.66,Store
T0028-10,C0028,2026-11-06,1518.96,Web
T0028-11,C0028,2025-12-10,1987.84,App
T0028-12,C0028,2026-05-24,1839.96,Web
T0028-13,C0028,2026-02-11,5532.24,Web
T0028-14,C0028,2026-11-04,1811.29,Store
T0029-01,C0029,2025-10-30,456.5,Web
T0029-02,C0029,2026-02-17,523.26,App
T0029-03,C0029,2026-01-19,3292.06,Web
T0029-04,C0029,2025-12-03,4939.24,Web
T0029-05,C0029,2025-12-23,4466.9,Web
T0029-06,C0029,2026-04-04,536.66,Store
T0029-07,C0029,2026-02-05,3760.72,Store
T0030-01,C0030,2026-01-05,641.64,Store
T0030-02,C0030,2026-01-28,1837.88,App
T0030-03,C0030,2026-01-09,1538.36,Web
T0031-01,C0031,2027-05-13,5165.88,Web
T0031-02,C0031,2027-01-09,555.81,Store
T0031-03,C0031,2026-11-06,460.49,Store
T0031-04,C0031,2027-01-11,5685.93,Store
T0031-05,C0031,2026-07-10,380.6,App
T0031-06,C0031,2027-02-24,3835.04,App
T0031-07,C0031,2026-07-16,4905.98,Store
T0032-01,C0032,2026-01-19,601.12,App
T0032-02,C0032,2025-11-21,1530.88,Web
T0032-03,C0032,2025-10-02,4735.89,App
T0032-04,C0032,2026-08-25,803.47,Web
T0032-05,C0032,2026-04-18,5052.27,App
T0033-01,C0033,2026-09-08,4053.98,Store
T0034-01,C0034,2025-11-14,5553.94,App
T0034-02,C0034,2026-08-01,4162.47,Web
T0034-03,C0034,2026-03-02,4378.73,App
T0034-04,C0034,2025-08-03,1082.37,Web
T0034-05,C0034,2025-08-09,2151.11,App
T0034-06,C0034,2025-06-22,5368.31,Store
T0035-01,C0035,2025-03-09,829.73,Web
T0035-02,C0035,2025-03-10,1572.56,Store
T0035-03,C0035,2025-02-23,1191.51,Store
T0035-04,C0035,2025-05-31,3481.05,App
T0035-05,C0035,2025-03-24,501.93,Store
T0035-06,C0035,2025-02-07,814.0,Store
T0035-07,C0035,2025-03-27,3796.61,Store
T0035-08,C0035,2025-02-10,1538.17,Web
T0035-09,C0035,2025-09-20,1462.17,Store
T0035-10,C0035,2025-10-02,3925.0,Web
T0035-11,C0035,2025-05-17,3629.5,App
T0035-12,C0035,2025-03-08,2247.27,Store
T0036-01,C0036,2026-01-08,3695.04,App
T0036-02,C0036,2026-04-23,5152.04,Store
T0036-03,C0036,2026-02-12,2677.47,App
T0037-01,C0037,2025-05-20,1848.93,App
T0037-02,C0037,2025-07-21,1533.46,Store
T0037-03,C0037,2025-03-01,1571.92,App
T0037-04,C0037,2025-05-12,3709.54,Store
T0037-05,C0037,2025-04-03,302.54,App
T0037-06,C0037,2025-02-26,3632.02,App
T0038-01,C0038,2026-05-11,3616.91,Web
T0038-02,C0038,2026-01-01,2694.86,Web
T0038-03,C0038,2026-05-07,527.91,Store
T0038-04,C0038,2026-03-28,1656.53,Store
T0038-05,C0038,2025-11-15,2854.02,App
T0039-01,C0039,2025-09-08,1724.04,Store
T0039-02,C0039,2025-10-31,4771.84,Store
T0039-03,C0039,2025-11-14,4813.93,App
T0039-04,C0039,2026-01-30,5028.7,Web
T0039-05,C0039,2025-10-13,4175.21,App
T0039-06,C0039,2025-09-20,1952.31,Store
T0039-07,C0039,2026-02-20,4164.08,App
T0039-08,C0039,2026-02-22,3988.55,Store
T0039-09,C0039,2025-10-08,5194.05,Web
T0040-01,C0040,2026-05-26,4507.45,Web
T0040-02,C0040,2026-08-15,2551.16,App
T0040-03,C0040,2026-05-21,2728.22,App
T0041-01,C0041,2025-08-19,4190.0,Web
T0041-02,C0041,2026-02-08,1309.47,Store
T0042-01,C0042,2026-01-07,3422.71,Store
T0042-02,C0042,2026-02-14,2085.78,Store
T0042-03,C0042,2026-01-04,1241.65,Web
T0043-01,C0043,2025-05-01,5574.73,App
T0043-02,C0043,2025-08-10,3495.06,Store
T0043-03,C0043,2025-09-10,5543.31,Web
T0044-01,C0044,2025-11-30,1948.17,Store
T0044-02,C0044,2025-11-03,5268.77,Web
T0044-03,C0044,2026-03-09,4888.06,App
T0045-01,C0045,2026-11-29,1422.44,Store
T0045-02,C0045,2026-06-02,3480.21,Web
T0045-03,C0045,2027-05-03,260.55,Store
T0045-04,C0045,2025-12-20,3188.18,Store
T0045-05,C0045,2025-12-12,1921.99,App
T0045-06,C0045,2026-06-16,5639.03,App
T0045-07,C0045,2026-12-09,3834.17,Web
T0045-08,C0045,2026-06-13,4174.67,App
T0045-09,C0045,2025-11-25,3023.21,Store
T0045-10,C0045,2027-04-25,1013.57,Store
T0045-11,C0045,2026-12-22,1728.36,Web
T0045-12,C0045,2026-02-19,2961.76,Web
T0045-13,C0045,2026-02-23,654.44,Store
T0045-14,C0045,2025-12-18,2281.35,Web
T0045-15,C0045,2026-06-11,3239.34,Store
T0046-01,C0046,2025-06-07,2420.68,Web
T0046-02,C0046,2025-04-23,4127.66,App
T0046-03,C0046,2025-07-19,292.21,Store
T0046-04,C0046,2025-02-27,2861.66,Web
T0046-05,C0046,2025-06-08,1021.23,Store
T0046-06,C0046,2025-05-16,4546.14,App
T0046-07,C0046,2025-04-01,539.24,App
T0047-01,C0047,2025-04-25,869.07,App
T0047-02,C0047,2025-12-05,2660.65,Web
T0047-03,C0047,2025-12-28,5695.47,App
T0047-04,C0047,2025-09-01,4975.03,App
T0047-05,C0047,2026-01-28,3540.71,Web
T0047-06,C0047,2025-05-26,2834.85,Store
T0047-07,C0047,2025-05-19,2685.81,App
T0047-08,C0047,2026-02-04,4604.73,Web
T0048-01,C0048,2026-02-23,3432.89,Store
T0049-01,C0049,2026-04-16,376.27,Store
T0049-02,C0049,2025-12-13,3030.84,App
T0049-03,C0049,2026-09-29,2192.8,App
T0049-04,C0049,2026-10-22,681.54,Web
T0049-05,C0049,2026-04-26,4947.35,Store
T0049-06,C0049,2026-10-08,4649.83,Store
T0049-07,C0049,2026-08-27,3353.05,Web
T0049-08,C0049,2026-10-11,502.54,App
T0049-09,C0049,2026-03-18,5244.35,App
T0049-10,C0049,2026-01-06,1449.64,App
T0049-11,C0049,2026-08-24,2756.37,Store
T0049-12,C0049,2026-05-26,3622.74,Store
T0049-13,C0049,2026-11-20,3731.13,Store
T0049-14,C0049,2026-03-22,3864.78,App
T0050-01,C0050,2025-03-11,3696.34,App
T0050-02,C0050,2025-03-17,5263.89,Web
T0050-03,C0050,2025-03-24,1731.06,Web
T0051-01,C0051,2026-02-23,4893.61,Web
T0051-02,C0051,2026-05-29,2951.3,App
T0051-03,C0051,2026-06-16,3407.85,Store
T0051-04,C0051,2026-03-17,5573.79,App
T0051-05,C0051,2026-03-15,5439.04,Web
T0051-06,C0051,2026-01-12,5273.2,App
T0051-07,C0051,2026-02-02,4923.58,Store
T0052-01,C0052,2025-04-11,920.11,Store
T0052-02,C0052,2025-07-06,1594.68,Store
T0052-03,C0052,2025-03-14,686.07,Store
T0052-04,C0052,2025-08-05,526.59,Web
T0052-05,C0052,2025-09-22,431.88,Store
T0052-06,C0052,2025-10-13,1732.78,Web
T0052-07,C0052,2025-05-22,3391.27,App
T0052-08,C0052,2025-03-26,1996.04,Store
T0053-01,C0053,2025-10-06,4834.66,App
T0053-02,C0053,2025-10-15,2237.86,App
T0054-01,C0054,2025-03-26,4382.74,App
T0054-02,C0054,2025-02-09,3225.77,Web
T0055-01,C0055,2025-05-20,1137.87,Store
T0055-02,C0055,2025-05-21,5010.18,Web
T0055-03,C0055,2025-05-07,5048.36,App
T0056-01,C0056,2026-03-03,2959.07,Web
T0056-02,C0056,2025-08-28,4738.36,Web
T0056-03,C0056,2025-09-27,2672.3,App
T0056-04,C0056,2025-06-04,1705.66,Web
T0056-05,C0056,2025-05-10,4237.25,Store
T0056-06,C0056,2026-03-13,4795.1,Store
T0056-07,C0056,2025-06-19,921.0,Web
T0056-08,C0056,2025-11-18,2961.28,Store
T0056-09,C0056,2025-08-06,5290.34,Web
T0056-10,C0056,2025-09-16,4210.02,App
T0057-01,C0057,2026-06-14,4957.22,Store
T0057-02,C0057,2026-07-26,1300.06,Web
T0057-03,C0057,2026-08-05,339.87,Web
T0057-04,C0057,2026-01-22,2834.98,Web
T0057-05,C0057,2026-05-05,5601.51,App
T0058-01,C0058,2025-04-11,3919.98,Store
T0058-02,C0058,2025-03-25,2341.28,App
T0058-03,C0058,2025-03-06,1829.39,Store
T0059-01,C0059,2026-02-24,1357.13,Web
T0059-02,C0059,2025-11-28,5181.1,Store
T0059-03,C0059,2025-11-30,4258.52,Store
T0059-04,C0059,2026-01-21,2420.1,Store
T0059-05,C0059,2026-08-25,1258.34,App
T0059-06,C0059,2026-09-16,2667.57,Store
T0059-07,C0059,2026-10-03,4460.49,Store
T0059-08,C0059,2025-12-07,867.67,Store
T0059-09,C0059,2026-03-29,4003.43,Store
T0059-10,C0059,2026-11-24,3318.5,Web
T0059-11,C0059,2026-12-13,4852.63,Store
T0059-12,C0059,2026-10-02,3318.75,App
T0059-13,C0059,2026-12-23,3742.06,Web
T0059-14,C0059,2026-06-12,1667.08,Store
T0060-01,C0060,2025-09-05,3575.53,Web
T0060-02,C0060,2025-11-08,1386.97,Web
T0060-03,C0060,2025-10-24,502.54,App
T0060-04,C0060,2025-10-25,532.33,Web
T0060-05,C0060,2025-07-22,3577.75,App
T0060-06,C0060,2025-09-14,3061.13,Web
T0061-01,C0061,2026-07-01,3637.37,Web
T0062-01,C0062,2026-07-22,2194.62,Web
T0062-02,C0062,2026-04-02,4471.4,Web
T0062-03,C0062,2025-10-20,4020.27,App
T0062-04,C0062,2026-04-01,763.07,App
T0062-05,C0062,2026-02-09,2666.52,Store
T0063-01,C0063,2025-11-16,753.46,App
T0063-02,C0063,2025-11-20,1171.45,App
T0063-03,C0063,2026-01-05,4620.8,App
T0064-01,C0064,2025-11-10,3484.2,App
T0064-02,C0064,2026-04-24,995.98,Store
T0064-03,C0064,2025-05-29,576.68,Web
T0064-04,C0064,2025-06-07,3199.52,Web
T0064-05,C0064,2025-08-02,3020.77,Store
T0064-06,C0064,2025-11-15,2962.79,Store
T0064-07,C0064,2025-05-23,1126.19,Store
T0064-08,C0064,2025-12-28,4907.91,App
T0064-09,C0064,2025-08-01,1287.98,Web
T0064-10,C0064,2025-05-06,1258.91,Web
T0064-11,C0064,2026-03-02,5459.81,Web
T0065-01,C0065,2026-02-21,3860.26,Web
T0065-02,C0065,2026-01-09,541.36,App
T0065-03,C0065,2025-12-11,4061.69,App
T0065-04,C0065,2025-12-11,4098.87,Store
T0065-05,C0065,2026-03-26,343.15,Store
T0066-01,C0066,2026-01-01,5731.98,Web
T0067-01,C0067,2025-10-13,2512.73,Web
T0067-02,C0067,2025-10-21,4017.38,Web
T0068-01,C0068,2025-09-29,2824.36,Store
T0068-02,C0068,2026-12-02,5682.88,Web
T0068-03,C0068,2026-03-30,2414.83,Store
T0068-04,C0068,2026-12-08,1805.42,Store
T0068-05,C0068,2026-07-25,3080.17,Store
T0068-06,C0068,2026-02-11,2949.45,Store
T0068-07,C0068,2026-03-07,2808.74,Store
T0068-08,C0068,2026-05-08,285.65,Web
T0068-09,C0068,2025-11-07,4369.84,Store
T0068-10,C0068,2027-01-17,1412.18,Web
T0069-01,C0069,2025-04-24,4282.0,Web
T0069-02,C0069,2025-03-19,821.65,Web
T0069-03,C0069,2025-08-01,2124.02,Store
T0069-04,C0069,2025-03-18,4303.78,App
T0069-05,C0069,2025-08-31,4014.68,Web
T0069-06,C0069,2025-12-18,3258.88,Store
T0069-07,C0069,2025-03-15,5692.33,Store
T0069-08,C0069,2025-12-21,5694.27,App
T0069-09,C0069,2025-04-25,2583.67,Web
T0069-10,C0069,2026-01-14,5029.95,App
T0070-01,C0070,2025-12-25,773.65,App
T0071-01,C0071,2025-10-24,5711.83,Web
T0071-02,C0071,2026-07-02,1886.8,App
T0071-03,C0071,2025-12-05,1324.82,Web
T0071-04,C0071,2026-06-04,3477.4,Store
T0071-05,C0071,2026-01-12,5132.1,Store
T0071-06,C0071,2026-01-02,3881.28,Web
T0071-07,C0071,2026-02-18,2565.82,Store
T0071-08,C0071,2026-08-22,5175.1,App
T0071-09,C0071,2026-08-05,1963.05,Web
T0071-10,C0071,2026-09-21,2031.14,Web
T0072-01,C0072,2025-03-30,462.52,Web
T0072-02,C0072,2025-08-09,3297.57,Store
T0072-03,C0072,2025-10-23,3690.03,Web
T0072-04,C0072,2026-01-19,1418.05,App
T0072-05,C0072,2025-02-12,3502.98,Web
T0072-06,C0072,2025-09-19,1396.95,Web
T0072-07,C0072,2025-05-25,2136.2,Store
T0072-08,C0072,2026-02-10,4050.42,Store
T0072-09,C0072,2025-07-19,1417.92,Store
T0072-10,C0072,2025-06-06,4127.62,App
T0072-11,C0072,2025-02-07,3210.88,Web
T0073-01,C0073,2025-07-11,4369.42,App
T0073-02,C0073,2025-08-07,3559.57,Store
T0073-03,C0073,2025-05-21,714.3,Web
T0073-04,C0073,2025-04-18,605.59,Web
T0073-05,C0073,2025-05-22,668.59,App
T0073-06,C0073,2025-04-15,4280.01,Web
T0073-07,C0073,2025-09-06,4986.17,Web
T0073-08,C0073,2025-08-02,663.39,Web
T0073-09,C0073,2025-08-21,2245.04,Store
T0074-01,C0074,2025-10-14,4995.92,Web
T0074-02,C0074,2025-09-22,5704.46,App
T0074-03,C0074,2025-10-07,1265.41,Web
T0074-04,C0074,2025-08-25,2782.19,App
T0074-05,C0074,2025-09-09,352.64,Store
T0074-06,C0074,2025-05-11,2896.84,App
T0074-07,C0074,2025-10-20,2679.5,Web
T0075-01,C0075,2025-09-25,1604.81,Store
T0075-02,C0075,2025-11-26,847.68,Store
T0075-03,C0075,2025-11-11,1721.98,Store
T0075-04,C0075,2025-10-01,3829.09,Web
T0075-05,C0075,2025-11-12,2250.39,Store
T0075-06,C0075,2025-11-28,2354.91,Web
T0076-01,C0076,2026-01-08,556.42,Web
T0077-01,C0077,2026-06-01,2072.22,Web
T0077-02,C0077,2026-05-29,3215.13,App
T0077-03,C0077,2025-09-30,4683.39,Web
T0077-04,C0077,2025-11-20,3183.42,App
T0077-05,C0077,2025-04-04,1009.7,Web
T0077-06,C0077,2026-05-24,4503.88,Web
T0078-01,C0078,2026-07-16,2615.83,Web
T0078-02,C0078,2026-06-27,3991.39,Store
T0078-03,C0078,2026-12-18,4683.13,Store
T0079-01,C0079,2026-10-21,2961.13,Web
T0079-02,C0079,2025-11-09,2016.01,App
T0079-03,C0079,2026-09-22,4342.19,App
T0079-04,C0079,2025-07-12,5361.85,Store
T0079-05,C0079,2026-04-11,632.82,Store
T0079-06,C0079,2026-10-16,4977.12,Web
T0080-01,C0080,2025-10-21,2164.13,Store
T0080-02,C0080,2025-06-30,1269.71,Web
T0080-03,C0080,2025-04-10,2643.52,App
T0080-04,C0080,2026-03-24,4439.66,Web
T0081-01,C0081,2027-04-07,3663.98,Store
T0081-02,C0081,2026-10-04,3621.77,Store
T0081-03,C0081,2027-01-07,2073.25,Web
T0081-04,C0081,2026-01-10,257.01,Web
T0082-01,C0082,2025-04-12,1570.35,Web
T0082-02,C0082,2025-03-24,5554.69,Web
T0082-03,C0082,2025-04-04,1849.45,App
T0082-04,C0082,2025-01-15,1049.11,App
T0082-05,C0082,2025-03-09,459.79,App
T0082-06,C0082,2025-02-25,5262.07,Store
T0083-01,C0083,2025-05-07,4320.3,App
T0083-02,C0083,2025-09-20,1727.8,Web
T0083-03,C0083,2025-09-10,3965.42,Store
T0083-04,C0083,2025-05-25,3261.12,Store
T0083-05,C0083,2025-05-04,1198.82,Store
T0083-06,C0083,2025-07-14,1585.82,Web
T0083-07,C0083,2025-10-24,3745.16,Store
T0083-08,C0083,2025-10-07,5730.5,Store
T0083-09,C0083,2025-06-30,2061.2,App
T0083-10,C0083,2025-03-02,5484.04,App
T0083-11,C0083,2025-04-30,1126.63,Store
T0084-01,C0084,2025-08-17,1813.2,Web
T0084-02,C0084,2025-08-16,4200.53,Store
T0084-03,C0084,2025-11-24,269.78,App
T0085-01,C0085,2025-02-25,4723.8,Web
T0085-02,C0085,2025-03-31,1849.8,Store
T0085-03,C0085,2025-05-03,3983.52,Web
T0085-04,C0085,2026-01-01,1414.19,Web
T0085-05,C0085,2025-02-22,4266.43,Web
T0085-06,C0085,2025-06-20,2777.32,Store
T0085-07,C0085,2025-07-20,2738.41,Store
T0085-08,C0085,2025-07-05,3149.13,App
T0085-09,C0085,2025-07-17,3831.68,App
T0085-10,C0085,2026-06-23,5601.81,App
T0085-11,C0085,2025-10-29,2112.47,Store
T0085-12,C0085,2025-12-30,5005.72,Web
T0085-13,C0085,2026-03-30,3716.96,Store
T0085-14,C0085,2026-02-19,1300.69,Store
T0085-15,C0085,2026-07-08,5054.73,Store
T0085-16,C0085,2025-10-04,5149.86,Store
T0085-17,C0085,2025-12-08,3657.23,Store
T0085-18,C0085,2025-03-23,879.84,App
T0086-01,C0086,2025-11-03,4655.71,Store
T0086-02,C0086,2025-04-07,4877.79,App
T0086-03,C0086,2025-09-13,3573.33,Store
T0086-04,C0086,2025-02-17,4144.29,Web
T0086-05,C0086,2025-05-12,1922.26,Web
T0086-06,C0086,2025-06-21,1935.49,Store
T0086-07,C0086,2025-03-21,3568.53,Web
T0087-01,C0087,2025-04-14,4029.55,Store
T0087-02,C0087,2025-05-02,641.37,App
T0088-01,C0088,2026-02-06,3934.74,Store
T0088-02,C0088,2026-03-24,1867.68,Web
T0088-03,C0088,2026-01-27,1700.3,Web
T0089-01,C0089,2026-01-07,3127.91,Store
T0089-02,C0089,2025-02-27,3266.02,Store
T0089-03,C0089,2025-08-07,4905.49,Web
T0089-04,C0089,2026-03-20,2743.22,Store
T0089-05,C0089,2025-11-20,1703.07,Web
T0089-06,C0089,2026-02-12,1515.04,Web
T0089-07,C0089,2026-05-24,4017.83,App
T0089-08,C0089,2025-12-19,2964.96,App
T0089-09,C0089,2025-08-28,3789.36,Store
T0089-10,C0089,2025-09-14,3174.71,Web
T0089-11,C0089,2026-05-20,1714.78,App
T0089-12,C0089,2025-03-06,379.73,App
T0090-01,C0090,2026-01-25,5637.56,Web
T0090-02,C0090,2026-01-27,5176.91,Web
T0091-01,C0091,2025-07-04,3964.84,App
T0092-01,C0092,2026-03-27,3838.48,Web
T0092-02,C0092,2026-05-04,565.01,App
T0092-03,C0092,2026-04-17,1984.38,Web
T0092-04,C0092,2026-03-16,4025.94,Web
T0092-05,C0092,2026-03-03,5228.45,Store
T0093-01,C0093,2025-06-10,5060.94,App
T0093-02,C0093,2025-09-13,3156.84,Web
T0093-03,C0093,2025-05-02,4767.88,App
T0093-04,C0093,2025-06-03,2382.46,Store
T0093-05,C0093,2025-07-19,2962.02,Store
T0093-06,C0093,2025-05-16,3273.5,Web
T0093-07,C0093,2025-07-03,3341.56,App
T0093-08,C0093,2025-04-01,3113.93,Web
T0093-09,C0093,2025-08-28,3400.92,Web
T0094-01,C0094,2025-11-12,3124.62,Store
T0094-02,C0094,2025-09-25,1868.59,Store
T0094-03,C0094,2026-01-29,4198.68,Store
T0094-04,C0094,2026-01-02,391.45,App
T0094-05,C0094,2025-11-30,1238.5,Web
T0095-01,C0095,2025-02-17,5177.28,Web
T0095-02,C0095,2025-03-27,1387.71,App
T0095-03,C0095,2025-02-18,4152.61,App
T0096-01,C0096,2025-07-12,1961.06,App
T0097-01,C0097,2025-11-28,5479.45,App
T0097-02,C0097,2026-02-21,3947.4,App
T0097-03,C0097,2025-11-20,280.45,Store
T0097-04,C0097,2026-04-11,3966.45,Store
T0097-05,C0097,2025-12-12,2057.78,Web
T0097-06,C0097,2025-12-02,1574.56,Store
T0098-01,C0098,2025-03-10,2188.88,Store
T0098-02,C0098,2025-09-16,2415.44,Store
T0098-03,C0098,2025-05-03,2026.4,Store
T0098-04,C0098,2025-10-29,5675.01,Store
T0098-05,C0098,2025-05-21,2780.37,Web
T0098-06,C0098,2025-07-24,2234.12,App
T0098-07,C0098,2025-09-05,3426.35,App
T0099-01,C0099,2026-08-09,376.36,App
T0099-02,C0099,2026-04-06,1327.54,Web
T0099-03,C0099,2026-08-30,2786.32,Store
T0099-04,C0099,2026-06-17,4938.04,App
T0099-05,C0099,2026-05-11,844.99,Web
T0099-06,C0099,2026-08-29,5254.6,Web
T0099-07,C0099,2026-04-28,1767.21,Web
T0099-08,C0099,2026-09-20,4568.97,Store
T0100-01,C0100,2025-06-28,4770.28,Web
T0100-02,C0100,2025-07-23,2666.54,App
T0101-01,C0101,2025-05-31,5184.91,Store
T0102-01,C0102,2025-10-28,972.94,Store
T0102-02,C0102,2025-12-14,3348.47,Store
T0102-03,C0102,2025-12-29,4372.41,Store
T0102-04,C0102,2025-11-22,2362.82,App
T0102-05,C0102,2026-01-04,2868.59,Store
T0103-01,C0103,2026-01-22,4571.26,Web
T0103-02,C0103,2025-12-02,2963.49,Web
T0104-01,C0104,2025-10-30,4159.58,Store
T0105-01,C0105,2026-01-29,5484.88,Store
T0105-02,C0105,2026-04-07,419.57,App
T0105-03,C0105,2026-09-02,3787.08,Web
T0105-04,C0105,2026-08-20,5481.98,Store
T0105-05,C0105,2026-08-14,3939.13,App
T0105-06,C0105,2025-11-23,5298.53,Store
T0105-07,C0105,2026-12-28,4224.14,Store
T0105-08,C0105,2026-02-26,3719.69,App
T0105-09,C0105,2026-06-03,5299.45,Web
T0105-10,C0105,2026-12-23,424.81,Store
T0105-11,C0105,2025-11-04,5091.06,App
T0106-01,C0106,2026-03-15,2301.01,Web
T0106-02,C0106,2025-11-01,3562.01,Web
T0106-03,C0106,2026-01-08,3887.37,App
T0106-04,C0106,2025-10-03,1930.55,Store
T0106-05,C0106,2025-10-21,1619.33,Web
T0106-06,C0106,2026-01-27,2992.32,Store
T0106-07,C0106,2026-11-08,4209.21,Store
T0106-08,C0106,2026-04-08,4429.22,Store
T0106-09,C0106,2026-09-19,2979.9,App
T0106-10,C0106,2025-10-24,4575.8,App
T0107-01,C0107,2026-07-24,329.35,App
T0107-02,C0107,2026-07-10,1302.08,Store
T0107-03,C0107,2026-01-19,493.97,App
T0107-04,C0107,2026-06-05,3801.68,Web
T0108-01,C0108,2025-11-29,1430.87,App
T0108-02,C0108,2025-08-19,4046.23,Store
T0108-03,C0108,2025-10-26,2327.35,Store
T0108-04,C0108,2025-10-30,4755.57,App
T0108-05,C0108,2025-11-13,471.92,Store
T0108-06,C0108,2025-08-01,4913.67,App
T0108-07,C0108,2025-12-20,1178.07,Web
T0109-01,C0109,2025-11-09,4001.77,Web
T0109-02,C0109,2025-09-02,2127.16,Web
T0109-03,C0109,2025-11-14,3822.19,Store
T0109-04,C0109,2025-12-29,5588.48,App
T0109-05,C0109,2025-11-08,1338.45,App
T0109-06,C0109,2025-08-11,4456.17,Web
T0109-07,C0109,2025-12-27,1444.25,Web
T0109-08,C0109,2025-07-04,2354.49,Web
T0109-09,C0109,2025-06-24,1400.44,Web
T0110-01,C0110,2025-12-20,1768.74,Web
T0110-02,C0110,2026-03-12,2079.73,App
T0110-03,C0110,2025-10-06,5342.82,App
T0110-04,C0110,2026-05-05,3541.03,App
T0110-05,C0110,2026-02-12,4680.7,Web
T0110-06,C0110,2025-08-23,5216.76,App
T0110-07,C0110,2025-10-10,2836.64,App
T0110-08,C0110,2026-05-03,4150.73,Store
T0110-09,C0110,2026-03-02,2711.63,Store
T0110-10,C0110,2026-04-12,2619.43,Web
T0111-01,C0111,2025-07-16,3738.64,App
T0111-02,C0111,2025-06-11,3120.44,Web
T0112-01,C0112,2025-11-20,4039.39,App
T0113-01,C0113,2026-02-27,4590.32,Web
T0113-02,C0113,2025-12-05,2102.28,Store
T0113-03,C0113,2025-12-02,3376.3,Web
T0113-04,C0113,2026-01-01,4868.31,Web
T0113-05,C0113,2026-02-20,4955.94,App
T0113-06,C0113,2025-10-11,2884.53,App
T0113-07,C0113,2025-10-14,2523.45,App
T0113-08,C0113,2025-08-10,5565.73,Web
T0114-01,C0114,2025-08-06,3719.01,Web
T0114-02,C0114,2025-08-22,2822.42,Web
T0114-03,C0114,2025-07-06,1680.06,Web
T0114-04,C0114,2025-07-10,5546.78,Web
T0114-05,C0114,2025-06-27,340.23,App
T0114-06,C0114,2025-10-25,5744.51,Web
T0114-07,C0114,2025-08-27,4639.34,App
T0115-01,C0115,2026-01-30,4404.94,Store
T0116-01,C0116,2026-08-07,3150.46,Web
T0117-01,C0117,2025-11-21,2209.02,Store
T0117-02,C0117,2026-01-12,3132.74,App
T0117-03,C0117,2025-07-06,2362.47,Web
T0117-04,C0117,2025-11-03,1395.28,Store
T0117-05,C0117,2026-01-20,2095.74,App
T0117-06,C0117,2025-07-03,5013.2,Store
T0117-07,C0117,2026-06-17,3700.21,Store
T0117-08,C0117,2026-05-07,722.26,Web
T0118-01,C0118,2026-06-22,5259.65,Store
T0118-02,C0118,2025-06-10,4529.92,Store
T0118-03,C0118,2025-11-21,2990.54,App
T0118-04,C0118,2025-07-15,2499.51,App
T0118-05,C0118,2026-07-19,2223.31,App
T0118-06,C0118,2026-04-25,4079.19,Web
T0118-07,C0118,2026-06-20,2316.83,App
T0118-08,C0118,2026-07-25,2028.21,App
T0118-09,C0118,2026-02-23,5104.93,Store
T0118-10,C0118,2025-12-30,3451.31,App
T0118-11,C0118,2025-06-29,5347.6,App
T0119-01,C0119,2025-12-13,1483.88,Store
T0119-02,C0119,2026-01-16,386.74,Store
T0120-01,C0120,2025-09-10,1221.72,Web
T0121-01,C0121,2026-05-13,5708.11,Store
T0121-02,C0121,2025-10-03,1247.48,Store
T0121-03,C0121,2025-08-16,2346.39,Store
T0121-04,C0121,2026-02-02,1149.94,App
T0121-05,C0121,2026-02-16,2882.99,Store
T0121-06,C0121,2026-02-11,3344.45,App
T0121-07,C0121,2025-11-28,638.75,App
T0121-08,C0121,2026-05-15,3441.29,App
T0121-09,C0121,2026-01-02,5232.38,Store
T0121-10,C0121,2026-01-14,688.63,Web
T0121-11,C0121,2026-04-24,2705.36,Web
T0121-12,C0121,2026-04-18,704.03,Store
T0122-01,C0122,2025-09-21,2474.72,Web
T0122-02,C0122,2025-10-11,916.47,App
T0122-03,C0122,2026-07-09,2866.19,App
T0122-04,C0122,2025-09-25,3806.06,Store
T0122-05,C0122,2026-05-29,3557.69,Web
T0122-06,C0122,2026-05-27,460.57,App
T0122-07,C0122,2025-10-01,4144.32,Web
T0122-08,C0122,2025-11-07,4607.45,Web
T0122-09,C0122,2025-12-27,5328.68,Web
T0122-10,C0122,2026-01-03,5251.96,Store
T0122-11,C0122,2026-03-23,2055.41,Store
T0122-12,C0122,2026-05-08,1685.63,Store
T0123-01,C0123,2025-11-28,3214.6,Web
T0123-02,C0123,2025-10-11,4032.11,App
T0123-03,C0123,2025-10-13,348.35,Store
T0123-04,C0123,2025-12-02,965.3,Store
T0124-01,C0124,2025-05-10,5573.99,App
T0125-01,C0125,2025-04-12,1354.12,Store
T0125-02,C0125,2025-06-04,2163.38,Store
T0125-03,C0125,2025-07-08,2403.45,Store
T0125-04,C0125,2025-07-22,5080.24,Store
T0125-05,C0125,2025-05-25,1300.89,Store
T0125-06,C0125,2025-10-19,849.07,Store
T0125-07,C0125,2025-06-26,2474.53,App
T0125-08,C0125,2025-04-23,4539.31,App
T0125-09,C0125,2025-07-06,4069.43,Web
T0126-01,C0126,2026-07-17,896.92,Store
T0126-02,C0126,2026-06-25,572.71,Web
T0126-03,C0126,2026-03-31,1916.53,App
T0126-04,C0126,2026-07-25,594.41,App
T0126-05,C0126,2025-07-04,1712.57,Web
T0126-06,C0126,2026-08-04,1030.58,Web
T0126-07,C0126,2026-03-17,4535.23,App
T0126-08,C0126,2026-07-31,3617.89,Store
T0126-09,C0126,2025-06-17,784.15,Web
T0126-10,C0126,2026-07-24,3647.28,Store
T0126-11,C0126,2026-06-26,1313.32,App
T0127-01,C0127,2025-11-19,2734.56,Store
T0127-02,C0127,2025-11-08,736.29,Web
T0127-03,C0127,2025-09-29,5091.87,App
T0127-04,C0127,2025-12-30,2211.9,Web
T0127-05,C0127,2025-10-10,758.77,Store
T0127-06,C0127,2025-09-12,2036.67,Web
T0127-07,C0127,2025-10-06,4410.27,Web
T0127-08,C0127,2025-09-13,1879.55,Web
T0127-09,C0127,2025-12-01,1753.8,Store
T0128-01,C0128,2025-11-06,964.78,Store
T0128-02,C0128,2025-11-26,661.27,App
T0128-03,C0128,2025-12-19,788.81,App
T0128-04,C0128,2025-10-09,666.08,Store
T0128-05,C0128,2025-11-25,4097.74,Store
T0129-01,C0129,2025-10-23,2998.46,Web
T0129-02,C0129,2025-12-05,401.6,Web
T0129-03,C0129,2025-12-22,1854.78,App
T0130-01,C0130,2025-07-16,4135.62,Store
T0130-02,C0130,2025-10-09,817.09,App
T0130-03,C0130,2025-06-13,5120.86,Web
T0131-01,C0131,2026-06-09,4322.82,Web
T0132-01,C0132,2025-04-25,5276.27,Store
T0132-02,C0132,2025-03-14,3314.56,Store
T0133-01,C0133,2025-01-06,4926.15,App
T0134-01,C0134,2027-01-12,2516.98,App
T0134-02,C0134,2026-08-25,2309.24,Store
T0135-01,C0135,2026-07-11,4647.98,Web
T0135-02,C0135,2026-08-18,5167.88,Store
T0135-03,C0135,2026-02-09,1708.7,App
T0135-04,C0135,2026-06-08,1136.53,App
T0135-05,C0135,2026-01-01,4428.33,Web
T0135-06,C0135,2025-12-27,2241.71,App
T0135-07,C0135,2026-05-18,1792.09,Store
T0135-08,C0135,2026-05-21,1242.93,Web
T0135-09,C0135,2025-12-26,4728.78,Store
T0135-10,C0135,2026-02-06,2958.73,Store
T0136-01,C0136,2026-05-11,4249.57,Web
T0136-02,C0136,2026-08-12,762.57,Web
T0136-03,C0136,2026-02-16,4694.22,App
T0136-04,C0136,2026-06-25,1952.15,Web
T0136-05,C0136,2026-05-09,3350.4,App
T0136-06,C0136,2025-11-15,3610.35,Store
T0136-07,C0136,2026-04-08,2767.48,Web
T0136-08,C0136,2026-07-27,1090.52,Store
T0137-01,C0137,2025-05-09,2739.74,Store
T0138-01,C0138,2025-07-20,1285.56,Web
T0138-02,C0138,2025-07-25,1240.12,App
T0138-03,C0138,2025-08-28,2426.65,App
T0138-04,C0138,2025-07-24,1623.6,Store
T0138-05,C0138,2025-07-28,3574.56,App
T0138-06,C0138,2025-06-01,628.85,Web
T0138-07,C0138,2025-09-05,972.98,Store
T0139-01,C0139,2026-03-26,2394.06,App
T0139-02,C0139,2026-05-09,1214.17,Web
T0139-03,C0139,2025-12-07,762.26,Store
T0139-04,C0139,2026-05-08,1895.26,Store
T0139-05,C0139,2026-09-17,2006.22,Web
T0139-06,C0139,2026-02-04,3128.44,Store
T0139-07,C0139,2026-02-25,3036.43,App
T0139-08,C0139,2026-03-21,5730.09,Store
T0139-09,C0139,2026-10-01,3231.81,App
T0139-10,C0139,2026-06-26,3015.25,App
T0140-01,C0140,2026-06-26,972.92,App
T0140-02,C0140,2025-12-18,5142.46,Web
T0140-03,C0140,2026-03-05,1315.33,Store
T0140-04,C0140,2026-06-25,4342.47,Store
T0140-05,C0140,2026-01-22,5188.15,Web
T0140-06,C0140,2026-06-08,5717.41,Store
T0140-07,C0140,2025-09-03,3070.63,Web
T0140-08,C0140,2025-08-26,1283.72,App
T0141-01,C0141,2025-05-23,357.07,App
T0141-02,C0141,2025-10-15,1544.08,App
T0141-03,C0141,2025-03-06,3904.59,Store
T0141-04,C0141,2025-11-18,4827.34,Store
T0141-05,C0141,2025-04-21,3920.99,Store
T0141-06,C0141,2025-11-24,1090.95,Web
T0141-07,C0141,2025-08-27,319.71,App
T0141-08,C0141,2025-07-11,3311.57,Web
T0141-09,C0141,2025-10-18,426.74,Web
T0141-10,C0141,2025-12-17,2764.22,Web
T0142-01,C0142,2025-06-30,4845.32,App
T0142-02,C0142,2026-02-09,1499.02,App
T0142-03,C0142,2026-05-02,3393.12,App
T0142-04,C0142,2025-10-06,4663.51,Store
T0142-05,C0142,2026-04-29,2196.86,App
T0142-06,C0142,2026-08-05,1873.68,App
T0142-07,C0142,2026-04-02,1369.41,App
T0142-08,C0142,2026-09-04,4254.27,App
T0142-09,C0142,2026-06-25,592.34,Web
T0142-10,C0142,2026-10-04,4206.53,Store
T0142-11,C0142,2026-05-06,3807.41,App
T0142-12,C0142,2026-06-20,5514.0,Web
T0142-13,C0142,2026-07-11,3371.1,Store
T0142-14,C0142,2026-09-08,3660.68,Web
T0142-15,C0142,2025-06-24,1313.69,Store
T0143-01,C0143,2025-12-18,3796.71,Web
T0143-02,C0143,2026-05-13,4761.77,Web
T0144-01,C0144,2026-03-22,2800.73,App
T0144-02,C0144,2026-09-10,2569.09,Store
T0144-03,C0144,2026-08-05,2723.22,Store
T0144-04,C0144,2025-10-02,781.18,Web
T0144-05,C0144,2026-09-08,4200.39,App
T0144-06,C0144,2026-04-28,958.41,App
T0144-07,C0144,2026-05-23,4288.02,Web
T0144-08,C0144,2026-05-31,4696.56,Web
T0144-09,C0144,2026-10-19,1454.08,Store
T0144-10,C0144,2027-01-18,2189.77,Store
T0144-11,C0144,2026-01-02,4316.32,Store
T0144-12,C0144,2026-05-15,3730.75,Web
T0145-01,C0145,2025-09-20,5313.76,Store
T0145-02,C0145,2025-07-19,3064.13,Web
T0145-03,C0145,2025-09-08,2980.8,Store
T0146-01,C0146,2025-11-28,3009.16,Web
T0146-02,C0146,2026-11-29,2688.55,Store
T0146-03,C0146,2025-09-06,3935.26,Store
T0146-04,C0146,2026-07-30,2248.88,App
T0146-05,C0146,2025-08-13,5656.6,Store
T0146-06,C0146,2026-06-06,2641.51,Store
T0146-07,C0146,2026-04-29,543.44,Store
T0147-01,C0147,2025-05-17,3004.7,App
T0147-02,C0147,2025-05-21,2645.78,Web
T0147-03,C0147,2025-08-20,3880.05,Web
T0147-04,C0147,2025-09-01,568.62,App
T0147-05,C0147,2025-07-13,1036.76,Store
T0147-06,C0147,2025-09-03,4328.99,Store
T0147-07,C0147,2025-06-19,1406.84,Store
T0147-08,C0147,2025-08-26,2364.13,Web
T0147-09,C0147,2025-05-24,4933.69,App
T0147-10,C0147,2025-04-21,2437.95,Web
T0147-11,C0147,2025-08-22,3967.21,Web
T0147-12,C0147,2025-10-16,5542.75,Store
T0148-01,C0148,2025-12-02,2552.85,App
T0148-02,C0148,2026-03-30,5188.55,Store
T0148-03,C0148,2026-04-15,1773.96,App
T0149-01,C0149,2026-06-09,1930.73,Store
T0149-02,C0149,2025-10-01,837.65,Web
T0149-03,C0149,2025-05-04,4601.43,Web
T0149-04,C0149,2025-06-05,2774.95,Web
T0149-05,C0149,2025-11-11,5139.5,Web
T0149-06,C0149,2026-04-28,4756.46,Web
T0149-07,C0149,2026-02-22,2235.74,App
T0149-08,C0149,2025-12-02,1756.55,App
T0149-09,C0149,2025-10-29,488.8,Web
T0149-10,C0149,2025-06-24,4521.02,Store
T0149-11,C0149,2026-03-19,1499.58,Web
T0149-12,C0149,2025-02-05,480.18,App
T0149-13,C0149,2026-04-15,675.36,Web
T0150-01,C0150,2025-11-13,482.65,App
T0150-02,C0150,2025-12-06,996.18,Store
T0150-03,C0150,2025-11-14,2679.72,Web
T0151-01,C0151,2026-10-09,1939.27,Web
T0151-02,C0151,2026-07-26,1468.0,Web
T0151-03,C0151,2026-10-03,354.19,App
T0151-04,C0151,2025-10-01,1789.0,Web
T0151-05,C0151,2025-12-15,5668.45,Web
T0151-06,C0151,2026-11-30,4309.51,App
T0151-07,C0151,2026-09-23,2073.77,App
T0151-08,C0151,2026-02-14,3616.49,App
T0151-09,C0151,2026-03-15,1436.1,Store
T0151-10,C0151,2026-01-27,2194.87,Web
T0151-11,C0151,2026-08-06,763.34,App
T0152-01,C0152,2025-09-17,2765.0,App
T0152-02,C0152,2025-09-30,5056.17,App
T0153-01,C0153,2025-06-10,3641.73,Web
T0153-02,C0153,2025-09-10,1560.73,Web
T0153-03,C0153,2025-07-25,4768.23,App
T0153-04,C0153,2025-08-28,2829.12,App
T0153-05,C0153,2025-08-01,3348.51,Web
T0153-06,C0153,2025-09-20,1781.65,Store
T0153-07,C0153,2025-08-07,3621.85,App
T0153-08,C0153,2025-05-31,537.25,Web
T0154-01,C0154,2026-07-25,2789.77,App
T0155-01,C0155,2026-04-07,3611.67,Web
T0155-02,C0155,2025-05-27,2677.53,App
T0155-03,C0155,2026-05-01,772.47,App
T0155-04,C0155,2025-10-02,2537.87,App
T0155-05,C0155,2026-02-02,871.16,Store
T0155-06,C0155,2025-08-17,511.67,App
T0156-01,C0156,2025-04-09,2558.56,Store
T0156-02,C0156,2025-02-17,381.23,Web
T0156-03,C0156,2025-01-28,2647.89,Store
T0156-04,C0156,2025-01-22,4118.66,Store
T0156-05,C0156,2025-03-02,4294.48,Store
T0157-01,C0157,2026-01-06,4744.62,Store
T0157-02,C0157,2025-11-18,5073.93,Store
T0157-03,C0157,2025-12-13,4894.06,Store
T0158-01,C0158,2025-07-14,4445.86,Web
T0158-02,C0158,2025-07-16,3716.7,App
T0158-03,C0158,2025-07-14,2888.18,Web
T0159-01,C0159,2026-10-17,1031.67,App
T0159-02,C0159,2026-12-29,5291.81,Web
T0159-03,C0159,2026-04-14,5139.78,App
T0159-04,C0159,2026-10-27,1131.25,App
T0159-05,C0159,2026-03-11,940.72,Web
T0159-06,C0159,2025-11-28,5673.16,App
T0159-07,C0159,2026-02-04,4561.43,App
T0159-08,C0159,2026-09-11,1259.74,Web
T0159-09,C0159,2025-11-16,3678.67,App
T0159-10,C0159,2026-01-16,5564.69,App
T0159-11,C0159,2025-11-23,2213.0,App
T0159-12,C0159,2026-09-09,1722.27,Web
T0159-13,C0159,2026-05-15,4938.61,Web
T0160-01,C0160,2025-03-18,386.84,Store
T0160-02,C0160,2025-08-29,3291.34,Store
T0160-03,C0160,2025-07-07,4964.58,Web
T0160-04,C0160,2025-09-14,2684.76,Store
T0160-05,C0160,2025-12-19,5071.24,App
T0160-06,C0160,2025-11-29,3856.1,App
T0160-07,C0160,2025-04-21,1573.69,Store
T0160-08,C0160,2025-08-05,1242.85,Store
T0160-09,C0160,2025-05-13,926.79,Store
T0160-10,C0160,2025-04-03,2319.55,Web
T0160-11,C0160,2025-08-15,1388.25,Store
T0160-12,C0160,2025-10-29,1567.67,App
T0161-01,C0161,2025-09-18,2230.96,Store
T0161-02,C0161,2025-08-27,4682.42,Web
T0161-03,C0161,2026-03-09,3366.44,App
T0161-04,C0161,2025-09-26,1320.93,Web
T0161-05,C0161,2025-12-17,5174.05,Web
T0161-06,C0161,2026-01-27,4162.27,Store
T0161-07,C0161,2025-08-14,4974.91,Store
T0162-01,C0162,2025-06-20,4357.23,Store
T0162-02,C0162,2025-07-02,1329.1,App
T0163-01,C0163,2025-11-20,5660.04,Store
T0163-02,C0163,2025-11-11,1959.82,Web
T0163-03,C0163,2026-03-10,1167.89,Web
T0163-04,C0163,2026-01-15,4468.51,Web
T0164-01,C0164,2026-01-26,1685.53,Store
T0164-02,C0164,2026-01-04,3758.55,App
T0164-03,C0164,2026-02-08,4663.28,Web
T0164-04,C0164,2025-07-21,1715.77,Store
T0164-05,C0164,2025-05-18,2839.0,Web
T0164-06,C0164,2025-09-11,5139.16,Store
T0164-07,C0164,2025-04-20,3799.4,Store
T0164-08,C0164,2025-12-31,2535.58,Store
T0164-09,C0164,2025-07-17,460.68,App
T0164-10,C0164,2026-04-25,259.54,App
T0164-11,C0164,2025-09-27,747.62,Store
T0164-12,C0164,2026-05-03,5035.72,Web
T0165-01,C0165,2026-01-12,2906.91,App
T0165-02,C0165,2026-05-21,2006.39,Store
T0165-03,C0165,2025-09-24,2083.47,Store
T0165-04,C0165,2025-10-13,4844.15,App
T0165-05,C0165,2026-07-22,287.97,App
T0165-06,C0165,2026-09-01,5342.5,App
T0165-07,C0165,2026-01-06,1589.18,App
T0165-08,C0165,2026-04-07,2717.85,Store
T0165-09,C0165,2025-12-08,1204.67,Store
T0166-01,C0166,2025-12-09,1268.1,Web
T0166-02,C0166,2026-02-16,1123.09,Web
T0167-01,C0167,2025-11-02,588.68,Store
T0167-02,C0167,2025-10-31,4660.0,Web
T0167-03,C0167,2025-11-06,3314.68,Store
T0168-01,C0168,2026-02-04,1820.7,Web
T0169-01,C0169,2026-10-14,2683.51,Web
T0169-02,C0169,2025-11-30,3461.29,Web
T0169-03,C0169,2026-04-24,4098.99,Web
T0169-04,C0169,2026-07-25,3922.46,Web
T0169-05,C0169,2026-11-17,2145.5,Web
T0169-06,C0169,2026-11-01,1857.37,Store
T0169-07,C0169,2026-11-09,3373.56,Web
T0170-01,C0170,2025-06-14,4903.81,Store
T0170-02,C0170,2025-04-10,376.51,Store
T0170-03,C0170,2025-02-05,3550.34,Web
T0170-04,C0170,2025-09-23,3410.55,Web
T0170-05,C0170,2025-03-17,972.74,Store
T0170-06,C0170,2025-04-02,4864.81,App
T0170-07,C0170,2025-04-02,1156.78,Web
T0170-08,C0170,2025-10-15,361.84,App
T0170-09,C0170,2025-03-09,3057.33,Store
T0170-10,C0170,2025-08-13,338.3,Store
T0170-11,C0170,2025-07-23,2232.84,Web
T0170-12,C0170,2025-07-10,4969.82,Store
T0171-01,C0171,2025-09-29,2065.72,Web
T0172-01,C0172,2025-11-26,5723.34,App
T0173-01,C0173,2025-08-17,5407.06,App
T0173-02,C0173,2025-05-02,4933.8,Store
T0173-03,C0173,2025-10-17,5016.16,Store
T0173-04,C0173,2025-02-27,2065.82,Web
T0174-01,C0174,2025-08-15,4108.19,App
T0175-01,C0175,2025-08-24,3936.6,Store
T0175-02,C0175,2025-03-20,413.21,Store
T0175-03,C0175,2026-04-08,1462.69,App
T0175-04,C0175,2025-02-23,2086.74,Store
T0175-05,C0175,2025-11-20,4008.07,Store
T0175-06,C0175,2025-03-21,4372.28,App
T0175-07,C0175,2025-03-27,291.58,Store
T0175-08,C0175,2025-05-05,3733.83,App
T0175-09,C0175,2025-03-30,1681.89,Web
T0175-10,C0175,2025-02-18,4145.13,App
T0175-11,C0175,2025-07-18,1257.97,Store
T0175-12,C0175,2025-06-01,4380.38,Store
T0175-13,C0175,2025-05-18,335.08,App
T0175-14,C0175,2025-11-22,4222.79,Store
T0176-01,C0176,2025-11-03,5422.93,Web
T0176-02,C0176,2025-08-31,2347.14,Web
T0176-03,C0176,2025-11-16,4629.66,App
T0176-04,C0176,2025-10-14,3736.95,App
T0176-05,C0176,2025-12-25,1582.55,App
T0176-06,C0176,2025-09-14,2804.74,App
T0176-07,C0176,2026-01-27,375.24,Web
T0176-08,C0176,2025-09-16,594.31,Web
T0177-01,C0177,2025-05-25,2811.92,Web
T0177-02,C0177,2025-09-10,2920.78,App
T0177-03,C0177,2025-08-31,5258.19,Web
T0177-04,C0177,2025-05-09,2318.73,App
T0177-05,C0177,2025-07-07,3870.21,Web
T0177-06,C0177,2025-05-12,2340.02,Store
T0177-07,C0177,2025-07-05,5299.85,Web
T0177-08,C0177,2025-04-07,4467.53,Web
T0178-01,C0178,2025-03-20,3895.2,Store
T0178-02,C0178,2025-01-29,3123.76,Store
T0178-03,C0178,2025-04-06,2091.37,App
T0179-01,C0179,2025-10-04,1950.44,App
T0179-02,C0179,2025-10-09,3450.63,Store
T0179-03,C0179,2025-08-09,565.2,Store
T0179-04,C0179,2025-09-13,854.54,App
T0179-05,C0179,2025-07-15,5068.56,Store
T0179-06,C0179,2025-12-02,4850.76,Store
T0179-07,C0179,2025-08-02,2338.73,Web
T0179-08,C0179,2025-11-06,557.77,Store
T0180-01,C0180,2026-12-27,2035.07,App
T0180-02,C0180,2026-08-30,1136.34,Store
T0180-03,C0180,2026-05-16,3733.42,App
T0181-01,C0181,2025-12-12,874.9,Store
T0182-01,C0182,2025-07-16,5172.03,App
T0182-02,C0182,2026-08-05,2653.7,Web
T0182-03,C0182,2026-01-14,850.29,Store
T0182-04,C0182,2026-01-18,1899.17,App
T0182-05,C0182,2025-08-12,992.67,Web
T0182-06,C0182,2026-05-25,2438.76,Store
T0183-01,C0183,2025-11-05,1809.38,Web
T0183-02,C0183,2025-10-24,4949.41,App
T0183-03,C0183,2026-06-27,1867.18,Store
T0183-04,C0183,2025-09-03,4800.72,Store
T0184-01,C0184,2025-08-14,4113.71,App
T0184-02,C0184,2025-07-16,3089.01,Store
T0184-03,C0184,2025-08-14,4572.54,App
T0184-04,C0184,2025-08-12,432.83,Store
T0185-01,C0185,2025-08-07,4550.57,App
T0185-02,C0185,2025-07-10,5474.99,App
T0186-01,C0186,2026-02-05,1720.09,Store
T0186-02,C0186,2025-11-05,2337.87,Web
T0186-03,C0186,2026-01-15,2227.23,App
T0186-04,C0186,2026-01-29,4862.56,App
T0186-05,C0186,2026-02-18,2930.85,Store
T0186-06,C0186,2026-02-21,808.99,Web
T0186-07,C0186,2026-02-07,2440.8,App
T0186-08,C0186,2026-04-24,1348.66,App
T0187-01,C0187,2025-09-07,3271.2,App
T0187-02,C0187,2025-08-22,3417.25,Store
T0187-03,C0187,2025-08-24,2669.31,App
T0187-04,C0187,2025-11-05,3891.71,App
T0187-05,C0187,2025-09-27,907.29,Store
T0188-01,C0188,2025-12-14,2312.6,Web
T0189-01,C0189,2025-07-23,3659.67,Web
T0189-02,C0189,2025-10-04,5614.67,Web
T0189-03,C0189,2025-12-04,4306.4,Web
T0189-04,C0189,2025-06-19,4043.51,Web
T0189-05,C0189,2025-07-21,2662.47,Store
T0189-06,C0189,2025-06-18,5247.51,Web
T0190-01,C0190,2025-06-22,2325.46,Web
T0191-01,C0191,2025-04-03,4740.17,Web
T0191-02,C0191,2026-04-01,4346.49,Store
T0191-03,C0191,2026-04-22,425.08,App
T0191-04,C0191,2025-06-01,5633.56,Store
T0191-05,C0191,2026-02-15,2954.35,Web
T0191-06,C0191,2025-04-23,2116.4,Web
T0191-07,C0191,2025-12-06,5695.34,Web
T0191-08,C0191,2025-04-20,2477.12,Web
T0191-09,C0191,2026-02-11,4560.41,Store
T0191-10,C0191,2025-05-01,298.31,Store
T0191-11,C0191,2026-04-19,2532.16,App
T0191-12,C0191,2026-04-26,3751.63,Store
T0192-01,C0192,2025-03-14,2785.79,Store
T0192-02,C0192,2025-03-15,4373.7,Web
T0192-03,C0192,2025-10-09,3029.4,Web
T0192-04,C0192,2025-07-30,3967.09,App
T0192-05,C0192,2025-11-16,2013.77,Store
T0192-06,C0192,2025-05-03,900.66,App
T0192-07,C0192,2026-02-03,1127.08,App
T0192-08,C0192,2025-11-05,1888.29,App
T0192-09,C0192,2026-06-01,1488.85,App
T0192-10,C0192,2025-04-24,3070.82,Web
T0192-11,C0192,2026-01-02,4335.49,App
T0192-12,C0192,2026-06-04,2118.51,Store
T0192-13,C0192,2025-09-04,4266.69,Store
T0192-14,C0192,2025-09-18,2671.18,App
T0192-15,C0192,2026-06-04,5556.45,App
T0193-01,C0193,2026-05-22,2282.06,Store
T0193-02,C0193,2025-11-27,5603.79,Store
T0193-03,C0193,2026-02-16,1548.7,Store
T0193-04,C0193,2026-05-13,1174.3,App
T0193-05,C0193,2025-12-20,3238.52,Store
T0193-06,C0193,2026-05-21,2294.02,App
T0193-07,C0193,2026-02-28,1478.86,Web
T0193-08,C0193,2025-11-03,702.04,App
T0193-09,C0193,2026-01-14,4586.28,App
T0194-01,C0194,2025-05-31,5566.5,App
T0194-02,C0194,2025-03-11,5110.98,App
T0194-03,C0194,2025-04-17,1261.05,App
T0194-04,C0194,2025-06-27,5305.77,Web
T0194-05,C0194,2025-07-24,5277.48,App
T0194-06,C0194,2025-06-05,658.87,Web
T0194-07,C0194,2025-04-28,4307.66,App
T0194-08,C0194,2025-08-24,770.98,Store
T0194-09,C0194,2025-08-13,4312.02,App
T0195-01,C0195,2026-02-24,4106.22,App
T0195-02,C0195,2025-09-23,4788.14,App
T0195-03,C0195,2025-09-02,1094.84,App
T0195-04,C0195,2026-01-08,3090.25,Web
T0195-05,C0195,2026-06-25,403.91,App
T0196-01,C0196,2025-06-17,3664.82,App
T0196-02,C0196,2025-09-05,2509.05,Store
T0196-03,C0196,2025-07-05,3283.01,App
T0197-01,C0197,2025-10-01,3059.91,Web
T0197-02,C0197,2025-12-01,1061.3,Web
T0197-03,C0197,2025-10-29,1118.32,Web
T0198-01,C0198,2025-11-29,3759.8,App
T0198-02,C0198,2025-07-28,2566.04,App
T0198-03,C0198,2025-10-10,5574.33,Web
T0198-04,C0198,2025-01-08,3023.06,Store
T0198-05,C0198,2025-10-15,3423.26,Store
T0198-06,C0198,2025-09-05,2272.98,Web
T0198-07,C0198,2025-10-16,3625.76,Store
T0198-08,C0198,2025-06-08,5016.54,Web
T0198-09,C0198,2025-05-10,3664.94,Web
T0198-10,C0198,2025-05-08,872.07,App
T0198-11,C0198,2025-01-30,4424.57,Store
T0199-01,C0199,2025-10-03,2518.57,Store
T0199-02,C0199,2025-05-09,4191.38,Web
T0199-03,C0199,2025-11-06,5229.32,Store
T0199-04,C0199,2025-11-26,4520.6,Web
T0199-05,C0199,2025-05-30,4204.34,App
T0199-06,C0199,2026-04-23,4948.68,Web
T0199-07,C0199,2025-05-11,292.45,Store
T0199-08,C0199,2025-10-26,2051.82,Store
T0200-01,C0200,2026-01-30,5683.34,Store
T0200-02,C0200,2025-09-29,5669.25,Store
T0200-03,C0200,2026-03-06,2345.35,App
T0200-04,C0200,2025-05-15,2508.77,Store
T0200-05,C0200,2026-03-03,1429.79,App
T0200-06,C0200,2026-02-09,4387.37,Store
T0201-01,C0201,2025-10-16,1518.29,Web
T0201-02,C0201,2026-05-05,3507.28,Store
T0201-03,C0201,2026-01-21,4052.83,Store
T0202-01,C0202,2026-05-05,2846.21,Web
T0203-01,C0203,2025-10-30,3745.16,Web
T0203-02,C0203,2025-11-10,3139.76,Web
T0203-03,C0203,2025-11-14,4393.7,Web
T0203-04,C0203,2025-10-09,3329.53,App
T0204-01,C0204,2025-12-20,4497.09,App
T0205-01,C0205,2026-05-29,3139.36,Web
T0205-02,C0205,2026-05-14,4637.63,Store
T0205-03,C0205,2026-07-05,5318.36,Store
T0205-04,C0205,2027-04-25,3661.12,Store
T0205-05,C0205,2026-05-25,4960.74,App
T0205-06,C0205,2027-04-10,1684.16,App
T0205-07,C0205,2027-05-04,5721.25,Store
T0205-08,C0205,2026-02-03,1967.04,App
T0206-01,C0206,2026-11-09,5027.81,Web
T0206-02,C0206,2026-09-12,1501.69,Store
T0206-03,C0206,2025-11-17,2078.5,App
T0206-04,C0206,2026-03-23,3190.5,Web
T0206-05,C0206,2026-10-18,836.72,Store
T0206-06,C0206,2026-09-25,3510.43,Web
T0206-07,C0206,2026-01-28,2918.74,Store
T0206-08,C0206,2026-09-07,4425.58,Web
T0206-09,C0206,2026-09-09,5036.27,Web
T0207-01,C0207,2026-12-28,2985.99,App
T0207-02,C0207,2026-12-25,4174.03,App
T0207-03,C0207,2026-11-22,5496.17,Web
T0208-01,C0208,2025-10-26,4752.29,App
T0208-02,C0208,2025-10-21,2989.01,Store
T0208-03,C0208,2026-01-23,4881.42,App
T0209-01,C0209,2026-04-26,3643.96,Web
T0209-02,C0209,2026-02-20,2386.23,Web
T0209-03,C0209,2026-07-24,4834.82,App
T0209-04,C0209,2026-05-14,5094.7,Web
T0209-05,C0209,2026-03-01,5715.48,Web
T0209-06,C0209,2026-05-18,2030.51,App
T0209-07,C0209,2026-04-17,4439.11,Web
T0209-08,C0209,2026-09-15,3677.97,Web
T0210-01,C0210,2026-12-12,3881.07,Web
T0210-02,C0210,2026-02-08,559.06,Web
T0210-03,C0210,2026-08-06,4347.19,Web
T0211-01,C0211,2026-01-05,1966.43,Store
T0211-02,C0211,2025-03-08,3227.59,App
T0211-03,C0211,2025-09-14,5580.57,App
T0211-04,C0211,2026-03-02,2013.58,Web
T0211-05,C0211,2026-03-25,1128.68,Store
T0211-06,C0211,2025-03-07,1520.11,Web
T0211-07,C0211,2025-12-20,4337.52,Store
T0211-08,C0211,2026-03-19,4618.91,Web
T0211-09,C0211,2025-03-23,5456.96,Web
T0211-10,C0211,2025-04-11,4787.11,Web
T0211-11,C0211,2026-01-06,4599.85,Store
T0212-01,C0212,2026-04-01,2053.82,Web
T0212-02,C0212,2026-05-18,312.83,Web
T0212-03,C0212,2026-02-13,1476.28,Store
T0212-04,C0212,2026-08-14,1773.13,Web
T0213-01,C0213,2026-04-08,1823.21,Web
T0213-02,C0213,2025-11-07,598.95,Store
T0213-03,C0213,2025-12-05,4458.44,Store
T0213-04,C0213,2026-01-27,1860.71,Web
T0213-05,C0213,2026-03-11,4330.42,Web
T0213-06,C0213,2025-11-05,3504.13,Store
T0213-07,C0213,2025-12-29,5029.03,Store
T0213-08,C0213,2026-04-03,2326.9,App
T0214-01,C0214,2026-10-20,3245.4,App
T0214-02,C0214,2026-09-12,4769.33,Store
T0214-03,C0214,2026-09-18,2578.24,Web
T0214-04,C0214,2027-01-02,1868.02,Store
T0214-05,C0214,2026-03-10,2499.01,App
T0214-06,C0214,2027-01-05,3880.75,Store
T0214-07,C0214,2027-03-14,2162.46,App
T0214-08,C0214,2025-12-24,4244.04,Web
T0214-09,C0214,2027-03-01,3521.72,App
T0214-10,C0214,2026-03-18,4128.42,App
T0214-11,C0214,2027-02-16,5673.16,Store
T0214-12,C0214,2025-12-16,2345.6,App
T0214-13,C0214,2027-02-08,1714.29,Web
T0214-14,C0214,2025-12-23,2380.01,Web
T0214-15,C0214,2026-04-06,5720.95,Web
T0215-01,C0215,2025-05-12,4083.04,Web
T0215-02,C0215,2025-05-13,4629.61,App
T0216-01,C0216,2025-11-11,2159.6,Web
T0217-01,C0217,2027-02-04,2574.55,Store
T0217-02,C0217,2026-04-18,4434.61,Store
T0217-03,C0217,2026-01-11,5372.15,App
T0217-04,C0217,2026-05-31,3807.86,Web
T0217-05,C0217,2026-10-17,5678.7,Web
T0217-06,C0217,2026-09-04,1817.93,Store
T0217-07,C0217,2025-12-11,1977.96,App
T0217-08,C0217,2026-02-27,2363.0,Store
T0217-09,C0217,2026-01-05,4263.82,Store
T0217-10,C0217,2026-08-28,1423.85,Web
T0218-01,C0218,2025-08-20,4226.58,App
T0218-02,C0218,2025-02-15,3079.49,Store
T0218-03,C0218,2025-09-25,731.92,Web
T0218-04,C0218,2025-10-13,4301.67,App
T0218-05,C0218,2025-06-14,3333.48,Web
T0218-06,C0218,2025-05-07,2404.49,Store
T0218-07,C0218,2025-04-27,3569.28,Store
T0218-08,C0218,2025-03-24,670.95,App
T0218-09,C0218,2025-06-15,2131.3,Web
T0218-10,C0218,2025-06-17,2777.58,Store
T0219-01,C0219,2025-04-27,1100.41,Web
T0219-02,C0219,2025-05-12,2666.8,Store
T0219-03,C0219,2025-02-20,4963.69,Store
T0219-04,C0219,2025-03-25,3567.08,App
T0219-05,C0219,2025-03-31,3045.03,Web
T0219-06,C0219,2025-05-25,2963.73,Web
T0219-07,C0219,2025-03-20,3953.71,Store
T0220-01,C0220,2025-09-10,4153.06,Web
T0220-02,C0220,2025-09-05,5266.92,Store
T0220-03,C0220,2025-10-09,4848.16,App
T0220-04,C0220,2025-11-03,4040.22,Store
T0220-05,C0220,2025-11-18,1973.61,Store
T0220-06,C0220,2025-08-19,2931.66,App
T0221-01,C0221,2025-11-06,3684.77,Web
T0221-02,C0221,2025-11-13,1759.64,Store
T0221-03,C0221,2026-02-02,2298.97,App
T0221-04,C0221,2026-02-09,5220.23,App
T0221-05,C0221,2025-11-12,4418.92,Store
T0221-06,C0221,2025-10-07,3141.13,Web
T0221-07,C0221,2026-01-05,3339.75,Store
T0222-01,C0222,2025-07-03,1971.52,App
T0223-01,C0223,2025-02-23,4991.53,Store
T0223-02,C0223,2025-03-24,5272.87,Store
T0223-03,C0223,2025-03-26,4178.47,Web
T0224-01,C0224,2025-12-13,2617.45,Store
T0224-02,C0224,2025-12-18,5653.74,Store
T0224-03,C0224,2025-12-05,4718.59,App
T0225-01,C0225,2026-03-01,4740.8,Store
T0225-02,C0225,2025-11-15,4258.07,App
T0225-03,C0225,2026-04-25,2806.9,Web
T0225-04,C0225,2026-04-02,3972.55,App
T0225-05,C0225,2026-02-14,5064.1,App
T0225-06,C0225,2026-03-31,2461.79,App
T0225-07,C0225,2025-11-06,537.81,Web
T0225-08,C0225,2025-11-19,5290.31,App
T0225-09,C0225,2025-10-18,381.98,Store
T0226-01,C0226,2025-11-22,1053.53,Store
T0226-02,C0226,2025-10-25,2130.1,Web
T0226-03,C0226,2025-12-29,4083.5,Store
T0226-04,C0226,2026-03-13,3647.53,Store
T0226-05,C0226,2026-02-22,2350.31,App
T0226-06,C0226,2026-03-07,1331.59,Web
T0226-07,C0226,2026-01-07,3046.85,App
T0226-08,C0226,2025-10-22,3992.89,Store
T0227-01,C0227,2026-01-05,1995.99,App
T0227-02,C0227,2025-11-22,2416.29,Store
T0227-03,C0227,2025-12-06,4241.97,Store
T0227-04,C0227,2025-12-06,446.47,App
T0227-05,C0227,2026-02-13,3341.95,App
T0227-06,C0227,2026-02-11,845.15,Web
T0228-01,C0228,2025-12-02,3526.12,Store
T0228-02,C0228,2026-03-20,3674.77,App
T0228-03,C0228,2026-01-24,4934.63,Store
T0228-04,C0228,2025-09-03,1936.03,App
T0228-05,C0228,2026-07-01,4925.08,Web
T0228-06,C0228,2025-11-08,4028.58,App
T0229-01,C0229,2026-11-17,5222.19,App
T0230-01,C0230,2025-10-13,3955.98,App
T0230-02,C0230,2025-11-15,2952.7,Store
T0231-01,C0231,2025-10-25,1935.25,Web
T0231-02,C0231,2025-08-20,3143.15,App
T0231-03,C0231,2025-08-04,314.53,Web
T0231-04,C0231,2025-05-30,2925.7,Store
T0231-05,C0231,2025-06-15,4061.01,Web
T0231-06,C0231,2025-08-17,4868.56,App
T0231-07,C0231,2025-09-14,3161.9,Store
T0231-08,C0231,2025-06-23,1011.14,Store
T0232-01,C0232,2025-10-02,1025.49,App
T0232-02,C0232,2025-10-29,1661.75,Web
T0232-03,C0232,2025-09-18,2032.78,Store
T0232-04,C0232,2025-11-13,3959.13,Store
T0233-01,C0233,2025-10-24,2257.34,Store
T0233-02,C0233,2026-09-07,3292.09,Store
T0233-03,C0233,2026-07-30,4031.86,Store
T0233-04,C0233,2026-09-22,1782.73,Store
T0233-05,C0233,2026-05-13,4067.36,App
T0233-06,C0233,2026-07-16,3088.61,App
T0233-07,C0233,2026-07-05,2837.49,Web
T0233-08,C0233,2026-10-18,1253.63,Store
T0233-09,C0233,2026-03-17,5097.71,Store
T0233-10,C0233,2026-10-18,1534.16,Web
T0233-11,C0233,2026-08-07,1717.2,Web
T0233-12,C0233,2026-01-10,3191.89,App
T0233-13,C0233,2026-03-21,2783.52,Store
T0233-14,C0233,2025-12-21,1557.36,Web
T0234-01,C0234,2026-02-21,1090.37,Web
T0234-02,C0234,2027-03-31,4882.71,Store
T0234-03,C0234,2027-02-15,3624.52,Web
T0234-04,C0234,2026-03-10,4223.96,App
T0234-05,C0234,2026-08-05,2845.69,Web
T0234-06,C0234,2027-03-16,5520.21,Store
T0234-07,C0234,2027-05-03,4740.19,Web
T0234-08,C0234,2026-11-15,3750.06,App
T0234-09,C0234,2026-06-15,3638.63,App
T0234-10,C0234,2025-12-14,4464.81,App
T0234-11,C0234,2026-08-28,3453.76,Store
T0234-12,C0234,2026-09-02,2832.62,Store
T0234-13,C0234,2026-06-25,1382.84,Store
T0235-01,C0235,2025-10-05,2701.22,Store
T0235-02,C0235,2025-06-06,958.38,Store
T0235-03,C0235,2025-12-08,1153.75,App
T0235-04,C0235,2026-01-09,2935.3,App
T0235-05,C0235,2025-10-30,3834.45,Web
T0235-06,C0235,2025-08-16,3813.16,App
T0235-07,C0235,2025-09-03,3125.96,Web
T0235-08,C0235,2025-06-01,4257.57,Web
T0235-09,C0235,2025-09-24,2391.52,Store
T0236-01,C0236,2025-12-30,4097.43,Store
T0236-02,C0236,2025-12-09,1201.94,Web
T0236-03,C0236,2025-09-19,4205.7,Store
T0236-04,C0236,2026-06-12,2934.79,Web
T0236-05,C0236,2026-09-01,2885.97,Web
T0237-01,C0237,2025-11-13,440.35,Store
T0237-02,C0237,2025-12-24,4244.51,App
T0237-03,C0237,2025-08-19,5318.45,Web
T0237-04,C0237,2026-01-07,3420.87,Store
T0237-05,C0237,2025-09-10,1833.3,Store
T0237-06,C0237,2025-10-29,3655.03,Web
T0237-07,C0237,2025-07-07,2129.5,App
T0237-08,C0237,2025-07-29,3886.67,App
T0237-09,C0237,2025-07-13,1598.49,Web
T0238-01,C0238,2025-04-24,1612.02,Store
T0238-02,C0238,2025-05-26,5742.4,Web
T0239-01,C0239,2026-03-06,684.64,Store
T0239-02,C0239,2026-10-13,3247.34,Web
T0239-03,C0239,2026-04-03,510.02,Web
T0239-04,C0239,2026-04-28,972.99,Store
T0239-05,C0239,2026-09-24,3192.31,App
T0239-06,C0239,2026-03-27,4718.05,Store
T0239-07,C0239,2026-07-08,4906.65,App
T0239-08,C0239,2025-12-22,908.36,App
T0239-09,C0239,2026-05-01,895.39,Store
T0239-10,C0239,2026-01-03,5138.57,Web
T0239-11,C0239,2026-02-19,3703.83,App
T0239-12,C0239,2026-04-02,3234.17,Web
T0240-01,C0240,2025-04-13,585.22,Web
T0240-02,C0240,2025-07-01,3785.45,Store
T0240-03,C0240,2025-07-02,989.33,App
T0240-04,C0240,2025-07-04,4115.32,Web
T0241-01,C0241,2025-09-03,2393.66,App
T0241-02,C0241,2025-12-09,5048.28,Store
T0241-03,C0241,2025-12-22,1053.02,Store
T0241-04,C0241,2025-06-25,5450.97,App
T0241-05,C0241,2025-06-19,4264.45,Store
T0242-01,C0242,2026-05-06,1402.23,Web
T0243-01,C0243,2026-01-25,2424.79,Web
T0243-02,C0243,2026-05-05,5254.9,Web
T0243-03,C0243,2025-11-22,1906.45,Web
T0243-04,C0243,2026-01-20,405.48,App
T0243-05,C0243,2026-08-16,3015.49,Store
T0243-06,C0243,2026-12-07,2146.26,Store
T0243-07,C0243,2026-05-04,3529.24,Store
T0243-08,C0243,2025-11-04,2814.51,Store
T0243-09,C0243,2026-05-24,5174.26,App
T0243-10,C0243,2026-06-07,362.91,Store
T0243-11,C0243,2026-06-03,4647.87,Store
T0244-01,C0244,2026-07-31,1937.31,Web
T0244-02,C0244,2025-12-22,4008.66,Web
T0244-03,C0244,2026-04-04,3644.42,Store
T0244-04,C0244,2026-08-02,3133.42,App
T0244-05,C0244,2026-01-29,1836.7,Store
T0244-06,C0244,2026-04-17,4080.12,Store
T0245-01,C0245,2025-11-26,1041.04,Store
T0245-02,C0245,2025-05-14,1409.42,Web
T0245-03,C0245,2025-05-08,4061.83,App
T0245-04,C0245,2025-04-21,5642.22,Web
T0245-05,C0245,2025-05-09,5354.86,Store
T0245-06,C0245,2025-08-25,5741.92,Store
T0245-07,C0245,2025-09-12,4061.84,Web
T0245-08,C0245,2025-09-19,1736.62,App
T0245-09,C0245,2025-12-05,3131.3,App
T0245-10,C0245,2026-01-13,3772.79,App
T0245-11,C0245,2025-05-28,2336.19,App
T0245-12,C0245,2025-10-29,2385.65,App
T0245-13,C0245,2025-04-02,2318.77,App
T0246-01,C0246,2025-05-17,4504.97,Web
T0246-02,C0246,2025-05-14,4896.84,Web
T0247-01,C0247,2025-09-09,5565.98,Web
T0247-02,C0247,2025-05-17,3537.89,Store
T0248-01,C0248,2026-03-13,3209.62,Web
T0248-02,C0248,2026-04-22,2404.43,Store
T0248-03,C0248,2026-05-11,5600.19,Web
T0248-04,C0248,2026-06-06,769.03,App
T0248-05,C0248,2026-07-06,4529.45,Web
T0249-01,C0249,2025-04-21,2295.14,Web
T0249-02,C0249,2025-03-11,5049.73,App
T0249-03,C0249,2025-03-14,1015.62,App
T0250-01,C0250,2026-03-10,865.7,Store
T0250-02,C0250,2026-03-15,3247.92,App
T0251-01,C0251,2026-01-09,1684.16,App
T0252-01,C0252,2026-03-02,1533.76,Store
T0252-02,C0252,2026-02-17,1601.95,Web
T0252-03,C0252,2026-01-17,3957.81,Web
T0252-04,C0252,2025-10-13,3399.81,Web
T0252-05,C0252,2025-09-23,3071.03,Web
T0252-06,C0252,2026-01-14,5416.67,App
T0252-07,C0252,2026-02-13,1950.5,App
T0252-08,C0252,2025-10-08,3328.12,App
T0253-01,C0253,2026-03-12,1338.84,Store
T0253-02,C0253,2026-03-02,1581.6,Web
T0253-03,C0253,2026-04-28,1943.89,Store
T0253-04,C0253,2025-09-05,687.42,Web
T0253-05,C0253,2025-11-20,3797.51,Store
T0253-06,C0253,2026-06-30,4627.53,Store
T0253-07,C0253,2025-12-19,5095.22,Web
T0253-08,C0253,2025-12-15,1671.72,Web
T0253-09,C0253,2025-12-02,2180.69,Store
T0253-10,C0253,2026-04-27,4302.01,Web
T0253-11,C0253,2025-11-15,1265.52,Web
T0253-12,C0253,2025-12-03,3114.28,Web
T0254-01,C0254,2025-08-29,705.41,Store
T0254-02,C0254,2026-03-30,2689.45,App
T0254-03,C0254,2026-02-06,2050.04,Store
T0254-04,C0254,2026-04-20,4170.64,Store
T0254-05,C0254,2026-02-09,3398.29,Store
T0254-06,C0254,2025-11-12,1990.28,App
T0254-07,C0254,2026-08-11,4964.34,App
T0254-08,C0254,2026-02-10,3568.92,App
T0254-09,C0254,2025-06-28,4243.11,Store
T0255-01,C0255,2025-04-22,2375.46,Web
T0256-01,C0256,2027-02-22,2452.28,Web
T0256-02,C0256,2026-08-21,5678.58,App
T0256-03,C0256,2027-03-30,5698.63,Web
T0256-04,C0256,2026-07-18,4160.91,App
T0256-05,C0256,2026-06-30,5074.38,Store
T0256-06,C0256,2026-11-10,510.37,Web
T0256-07,C0256,2027-01-28,2373.3,Store
T0256-08,C0256,2026-06-27,2227.08,App
T0256-09,C0256,2026-10-01,4382.09,Web
T0256-10,C0256,2026-07-09,688.2,Web
T0256-11,C0256,2026-07-12,2320.3,Web
T0256-12,C0256,2027-04-26,824.41,Store
T0256-13,C0256,2026-01-09,2872.31,Web
T0256-14,C0256,2027-04-27,5283.07,App
T0256-15,C0256,2027-02-01,2541.26,App
T0256-16,C0256,2027-03-09,1119.71,App
T0256-17,C0256,2025-12-18,1325.38,Web
T0256-18,C0256,2026-04-24,4898.85,Store
T0256-19,C0256,2026-09-13,2722.5,Store
T0257-01,C0257,2026-04-15,4816.47,Store
T0257-02,C0257,2026-08-13,426.6,App
T0257-03,C0257,2025-12-22,1325.04,Web
T0257-04,C0257,2026-01-31,1852.99,App
T0257-05,C0257,2026-09-01,2567.37,Web
T0257-06,C0257,2026-09-18,1705.14,Store
T0257-07,C0257,2026-06-13,1528.12,Store
T0258-01,C0258,2025-10-15,1214.16,App
T0258-02,C0258,2025-07-20,2811.51,Store
T0258-03,C0258,2025-10-28,1146.15,Web
T0258-04,C0258,2025-08-10,5376.5,Web
T0258-05,C0258,2025-11-20,339.56,Store
T0258-06,C0258,2025-10-11,1787.99,Web
T0258-07,C0258,2025-12-24,5289.28,App
T0258-08,C0258,2025-08-04,5488.01,Store
T0258-09,C0258,2025-07-14,971.05,App
T0259-01,C0259,2026-09-25,4239.03,Store
T0259-02,C0259,2026-08-11,5685.13,Store
T0259-03,C0259,2025-09-21,3294.81,App
T0259-04,C0259,2026-05-17,3298.33,Web
T0259-05,C0259,2026-06-13,494.83,App
T0259-06,C0259,2026-05-25,4157.04,Store
T0259-07,C0259,2026-05-03,537.87,Web
T0259-08,C0259,2026-02-26,4602.42,Web
T0259-09,C0259,2026-04-21,1164.87,Web
T0259-10,C0259,2025-11-19,3380.57,Store
T0259-11,C0259,2026-04-16,1430.62,Web
T0260-01,C0260,2025-11-11,5082.78,Web
T0260-02,C0260,2025-10-16,4559.52,Store
T0260-03,C0260,2025-11-27,4661.09,App
T0260-04,C0260,2025-07-14,4659.92,Store
T0261-01,C0261,2026-09-19,3258.66,Web
T0261-02,C0261,2026-07-12,1830.65,App
T0261-03,C0261,2026-06-27,1411.01,Store
T0261-04,C0261,2026-09-11,4415.05,Store
T0261-05,C0261,2026-07-22,3061.74,Web
T0261-06,C0261,2026-02-15,2925.51,Web
T0261-07,C0261,2025-12-16,2522.47,Web
T0261-08,C0261,2026-04-24,3786.15,Web
T0261-09,C0261,2026-05-12,3342.86,Store
T0261-10,C0261,2026-04-07,2962.06,Web
T0262-01,C0262,2026-07-07,5712.18,Web
T0262-02,C0262,2025-09-10,2615.37,App
T0262-03,C0262,2025-12-24,823.47,Web
T0262-04,C0262,2026-05-26,1449.14,Store
T0262-05,C0262,2025-10-23,2587.96,Store
T0262-06,C0262,2026-05-13,4706.36,App
T0262-07,C0262,2026-05-23,5310.29,Web
T0262-08,C0262,2026-04-20,2339.27,App
T0263-01,C0263,2025-08-05,2164.53,Web
T0263-02,C0263,2025-06-10,5075.66,Store
T0263-03,C0263,2025-05-16,391.08,Store
T0264-01,C0264,2025-11-17,1499.24,App
T0264-02,C0264,2025-10-14,5035.88,Store
T0264-03,C0264,2026-01-20,3260.79,Store
T0264-04,C0264,2026-02-08,5578.57,Store
T0264-05,C0264,2025-11-30,4160.49,Web
T0264-06,C0264,2025-09-03,2459.29,Web
T0265-01,C0265,2026-03-08,2682.65,App
T0265-02,C0265,2026-08-26,4446.48,App
T0265-03,C0265,2026-05-26,4882.48,App
T0265-04,C0265,2025-06-22,1742.14,Store
T0265-05,C0265,2026-08-31,3718.69,App
T0265-06,C0265,2026-07-23,384.47,Web
T0265-07,C0265,2026-06-17,2949.89,Web
T0265-08,C0265,2026-03-16,4102.97,Store
T0265-09,C0265,2025-07-17,2954.89,App
T0265-10,C0265,2025-12-06,1382.08,Store
T0265-11,C0265,2025-09-29,2896.12,Store
T0266-01,C0266,2026-01-29,3633.58,Web
T0266-02,C0266,2026-04-02,4528.24,Store
T0266-03,C0266,2026-04-19,5669.53,App
T0266-04,C0266,2026-01-16,2258.56,App
T0267-01,C0267,2026-01-31,1614.07,Web
T0267-02,C0267,2025-11-15,5397.56,App
T0267-03,C0267,2025-12-08,4585.85,Store
T0268-01,C0268,2025-10-04,4991.84,Web
T0269-01,C0269,2026-03-06,2107.54,Store
T0269-02,C0269,2026-06-01,5064.99,App
T0270-01,C0270,2026-05-24,4165.02,App
T0270-02,C0270,2026-09-08,2132.36,App
T0270-03,C0270,2025-12-20,4189.89,Store
T0270-04,C0270,2026-09-28,5472.41,Web
T0270-05,C0270,2026-09-02,3849.71,App
T0270-06,C0270,2026-08-17,1342.71,Web
T0270-07,C0270,2026-03-21,4391.65,Store
T0270-08,C0270,2026-01-13,453.22,Web
T0270-09,C0270,2026-03-22,1686.24,Store
T0271-01,C0271,2026-04-12,1008.63,Store
T0271-02,C0271,2026-07-01,5596.81,Store
T0271-03,C0271,2026-12-20,3046.16,Web
T0271-04,C0271,2027-01-12,1247.22,Web
T0271-05,C0271,2025-12-02,2210.39,Store
T0271-06,C0271,2026-05-22,4155.75,Store
T0271-07,C0271,2026-10-14,4149.78,Store
T0271-08,C0271,2026-09-26,2259.29,Web
T0271-09,C0271,2026-09-12,2329.95,Web
T0271-10,C0271,2026-08-21,1083.57,Store
T0271-11,C0271,2026-08-05,1658.43,Web
T0271-12,C0271,2026-11-21,3461.97,Web
T0271-13,C0271,2026-01-09,5227.45,App
T0271-14,C0271,2026-01-16,717.75,Store
T0271-15,C0271,2026-05-11,819.49,Store
T0271-16,C0271,2026-12-13,545.66,App
T0272-01,C0272,2025-02-10,3447.42,Store
T0272-02,C0272,2025-03-30,5444.59,App
T0272-03,C0272,2025-02-18,854.67,App
T0272-04,C0272,2025-04-17,870.87,Store
T0273-01,C0273,2025-10-22,939.13,App
T0273-02,C0273,2026-08-18,2567.86,Store
T0273-03,C0273,2025-07-07,3995.02,Store
T0273-04,C0273,2026-07-16,2312.18,App
T0273-05,C0273,2025-08-10,3436.7,Store
T0273-06,C0273,2026-01-19,2020.64,Store
T0273-07,C0273,2025-10-07,2430.69,Store
T0273-08,C0273,2025-11-10,3509.41,Web
T0274-01,C0274,2026-01-01,4883.61,Web
T0274-02,C0274,2026-01-23,5543.63,Store
T0274-03,C0274,2026-02-18,4373.84,Store
T0274-04,C0274,2027-01-11,4801.68,App
T0274-05,C0274,2027-01-15,2473.59,Store
T0274-06,C0274,2026-12-18,4413.18,Web
T0274-07,C0274,2025-12-27,5092.28,App
T0274-08,C0274,2026-05-18,5589.84,Store
T0274-09,C0274,2026-06-01,2905.23,App
T0274-10,C0274,2025-11-05,650.97,App
T0274-11,C0274,2026-03-26,969.58,App
T0274-12,C0274,2026-06-11,1608.19,App
T0274-13,C0274,2026-06-28,1080.65,Web
T0274-14,C0274,2026-07-12,3530.6,App
T0274-15,C0274,2026-04-29,2831.65,Store
T0275-01,C0275,2026-10-23,675.64,Web
T0275-02,C0275,2026-03-16,5548.08,Web
T0275-03,C0275,2025-10-13,4007.39,Store
T0275-04,C0275,2026-05-10,3650.9,App
T0275-05,C0275,2026-04-23,3561.22,App
T0275-06,C0275,2026-04-29,4539.82,App
T0275-07,C0275,2026-10-17,1932.15,Web
T0275-08,C0275,2026-08-28,2772.9,App
T0275-09,C0275,2026-05-15,5392.67,App
T0275-10,C0275,2026-01-15,4230.82,Web
T0275-11,C0275,2025-09-27,1234.03,App
T0276-01,C0276,2025-07-20,1359.28,Web
T0276-02,C0276,2026-07-31,5591.52,Store
T0277-01,C0277,2025-04-18,1808.82,Store
T0277-02,C0277,2025-11-19,5026.83,Web
T0277-03,C0277,2026-01-07,416.94,Store
T0277-04,C0277,2025-10-24,4258.84,Store
T0277-05,C0277,2025-09-29,3630.78,Web
T0277-06,C0277,2026-05-19,1805.83,App
T0277-07,C0277,2025-04-28,4452.59,Store
T0277-08,C0277,2025-07-08,683.78,App
T0277-09,C0277,2026-05-17,782.64,Store
T0277-10,C0277,2026-03-11,3758.75,Store
T0277-11,C0277,2026-01-24,4587.31,Web
T0277-12,C0277,2026-01-08,4610.15,Store
T0277-13,C0277,2025-08-04,5276.24,App
T0277-14,C0277,2026-05-09,2233.0,App
T0278-01,C0278,2025-11-07,4489.34,App
T0278-02,C0278,2026-04-11,611.35,Web
T0278-03,C0278,2025-11-07,883.12,Web
T0278-04,C0278,2025-09-27,1311.68,Web
T0278-05,C0278,2025-10-01,3243.5,Web
T0278-06,C0278,2025-12-31,1194.86,Web
T0278-07,C0278,2026-05-27,2171.24,Web
T0278-08,C0278,2026-05-03,5669.37,App
T0278-09,C0278,2026-06-10,2241.91,Web
T0278-10,C0278,2026-04-28,3807.41,Web
T0278-11,C0278,2026-06-04,546.82,Web
T0279-01,C0279,2025-10-23,3348.09,Web
T0279-02,C0279,2025-12-10,917.33,App
T0279-03,C0279,2026-02-12,3035.56,Store
T0279-04,C0279,2026-03-20,2268.18,Store
T0279-05,C0279,2026-11-05,1420.82,Web
T0279-06,C0279,2025-10-10,4161.36,App
T0279-07,C0279,2026-02-26,653.59,Store
T0279-08,C0279,2026-04-14,3848.96,Store
T0279-09,C0279,2026-05-22,3199.18,Web
T0279-10,C0279,2026-04-21,2451.82,Web
T0279-11,C0279,2026-09-09,2168.15,Store
T0280-01,C0280,2026-04-14,4035.39,Store
T0280-02,C0280,2026-02-08,3693.83,App
T0280-03,C0280,2026-05-05,4551.27,Web
T0280-04,C0280,2025-11-04,1392.84,Store
T0280-05,C0280,2026-05-09,4709.92,Store
T0280-06,C0280,2025-11-22,4568.65,Store
T0280-07,C0280,2025-04-18,3000.4,Web
T0280-08,C0280,2025-10-22,2875.65,Store
T0280-09,C0280,2025-07-31,1287.78,Store
T0280-10,C0280,2025-09-16,5274.03,Store
T0280-11,C0280,2025-04-14,4503.62,Web
T0280-12,C0280,2026-02-17,4101.54,Store
T0280-13,C0280,2025-11-12,1201.21,Web
T0280-14,C0280,2026-02-17,4059.83,App
T0280-15,C0280,2025-10-18,1051.9,Web
T0280-16,C0280,2026-03-26,1218.04,Store
T0281-01,C0281,2026-01-07,2429.05,App
T0281-02,C0281,2025-11-11,4031.17,Web
T0281-03,C0281,2025-10-22,2901.67,Web
T0281-04,C0281,2025-10-18,438.49,Store
T0281-05,C0281,2025-11-19,4145.48,Web
T0281-06,C0281,2025-11-10,790.86,Web
T0281-07,C0281,2025-10-30,3249.99,Store
T0282-01,C0282,2025-07-08,1819.49,Web
T0282-02,C0282,2025-03-27,3209.64,App
T0282-03,C0282,2025-08-16,3521.98,App
T0282-04,C0282,2025-07-03,5232.91,Store
T0282-05,C0282,2025-07-16,1716.38,Store
T0283-01,C0283,2026-03-24,4136.95,Store
T0284-01,C0284,2026-01-04,2947.12,Store
T0284-02,C0284,2026-01-16,4242.95,App
T0284-03,C0284,2025-09-09,3719.34,Store
T0284-04,C0284,2026-01-23,3976.64,App
T0284-05,C0284,2025-12-27,4391.51,Web
T0284-06,C0284,2026-03-17,4696.72,Store
T0285-01,C0285,2025-04-07,5166.15,Store
T0285-02,C0285,2025-04-29,930.3,Web
T0285-03,C0285,2025-05-02,707.63,Store
T0286-01,C0286,2026-01-27,5388.36,App
T0286-02,C0286,2025-10-22,5447.6,Web
T0286-03,C0286,2025-05-23,3778.21,Store
T0286-04,C0286,2025-12-19,4027.54,Store
T0286-05,C0286,2026-01-10,3071.03,Web
T0286-06,C0286,2026-01-19,5564.47,Web
T0286-07,C0286,2025-10-12,456.47,App
T0287-01,C0287,2027-02-11,2458.74,Store
T0287-02,C0287,2026-09-18,1029.89,App
T0287-03,C0287,2025-12-15,4816.53,App
T0287-04,C0287,2026-08-19,3749.8,Web
T0287-05,C0287,2026-05-11,2899.12,Store
T0287-06,C0287,2026-03-18,4109.98,Web
T0287-07,C0287,2025-10-11,4187.09,Web
T0287-08,C0287,2026-03-21,1287.14,Store
T0288-01,C0288,2025-07-12,2761.97,Store
T0288-02,C0288,2025-08-01,1997.41,Store
T0288-03,C0288,2025-08-01,1126.81,App
T0289-01,C0289,2025-02-06,2876.41,Store
T0289-02,C0289,2025-01-28,1168.15,Web
T0290-01,C0290,2025-10-03,5055.82,Store
T0290-02,C0290,2025-12-21,3654.55,Store
T0290-03,C0290,2026-02-28,2339.86,App
T0291-01,C0291,2026-05-03,3391.77,App
T0292-01,C0292,2025-12-30,5157.9,Web
T0292-02,C0292,2025-10-13,4341.75,Web
T0292-03,C0292,2025-09-21,3104.71,Store
T0292-04,C0292,2025-09-16,2449.5,Store
T0292-05,C0292,2025-11-11,4110.5,Web
T0292-06,C0292,2025-10-01,2111.14,App
T0293-01,C0293,2025-04-08,285.79,Store
T0293-02,C0293,2025-02-17,5388.48,Web
T0293-03,C0293,2025-07-29,1802.36,App
T0293-04,C0293,2025-07-28,3606.37,Store
T0293-05,C0293,2025-04-03,567.11,Store
T0293-06,C0293,2025-06-13,4454.7,App
T0293-07,C0293,2025-04-19,635.25,Store
T0293-08,C0293,2025-03-03,3249.43,Store
T0294-01,C0294,2025-11-03,4801.89,Web
T0294-02,C0294,2025-10-17,3851.62,App
T0294-03,C0294,2026-01-08,2641.12,Web
T0295-01,C0295,2026-01-04,3499.48,Web
T0295-02,C0295,2026-09-19,2940.39,Web
T0295-03,C0295,2026-07-01,5388.73,App
T0295-04,C0295,2026-08-19,4717.19,App
T0295-05,C0295,2026-07-13,3363.07,Web
T0295-06,C0295,2026-07-28,2689.2,App
T0295-07,C0295,2026-06-17,666.95,App
T0295-08,C0295,2026-05-05,1902.31,App
T0295-09,C0295,2026-07-21,1633.17,Web
T0295-10,C0295,2026-12-11,333.99,App
T0295-11,C0295,2026-07-20,2173.96,Store
T0295-12,C0295,2026-04-08,677.01,Web
T0296-01,C0296,2026-12-22,2430.91,Store
T0296-02,C0296,2025-10-14,2890.86,Web
T0296-03,C0296,2025-10-09,5491.05,Web
T0296-04,C0296,2026-04-25,5133.82,Store
T0296-05,C0296,2026-01-11,3192.68,Store
T0296-06,C0296,2026-11-16,2942.89,App
T0296-07,C0296,2026-03-05,4785.06,App
T0296-08,C0296,2026-05-04,3567.46,App
T0296-09,C0296,2026-04-22,1720.08,App
T0296-10,C0296,2026-11-09,3693.28,Store
T0296-11,C0296,2026-08-07,2624.28,App
T0296-12,C0296,2026-08-09,2812.55,Store
T0296-13,C0296,2025-11-04,5553.87,App
T0296-14,C0296,2026-11-02,830.38,Web
T0296-15,C0296,2026-11-24,4168.63,Store
T0297-01,C0297,2026-07-12,2583.06,Store
T0298-01,C0298,2026-05-13,2878.74,Web
T0298-02,C0298,2026-02-21,2316.56,App
T0298-03,C0298,2026-03-13,494.99,Store
T0298-04,C0298,2026-01-17,974.79,Web
T0298-05,C0298,2026-05-04,5463.64,Web
T0299-01,C0299,2025-12-09,4013.14,Store
T0299-02,C0299,2025-11-07,2085.46,Store
T0299-03,C0299,2025-11-10,2591.5,Store
T0299-04,C0299,2025-12-18,4049.44,App
T0299-05,C0299,2025-07-23,1607.33,Web
T0299-06,C0299,2025-11-09,2905.06,App
T0300-01,C0300,2025-06-23,4456.29,Store
T0300-02,C0300,2025-06-10,1701.21,Store
T0300-03,C0300,2025-08-03,2107.59,Web
T0300-04,C0300,2025-06-17,1418.43,App
